Buildingnumber,cell,greening_category,Point_Count,simulation
147,79,no tree,0,1
565,79,no tree,0,1
625,79,no tree,0,1
852,79,no tree,0,1
1502,79,no tree,0,1
1757,79,no tree,2,1
2337,79,no tree,0,1
3126,79,no tree,0,1
3241,79,no tree,0,1
3441,79,no tree,0,1
3444,79,no tree,0,1
3890,79,no tree,0,1
4170,79,no tree,0,1
4781,79,no tree,0,1
4947,79,cover,3,1
5546,79,cover,2,1
5569,79,cover,3,1
6171,79,cover,2,1
6467,79,cover,1,1
8155,79,cover,2,1
8644,79,cover,2,1
8779,79,cover,1,1
9432,79,cover,0,1
10054,79,cover,1,1
10401,79,cover,2,1
11314,79,cover,0,1
13101,79,cover,1,1
13776,79,cover,2,1
13872,79,cover,1,1
14686,79,cover,2,1
15334,79,cover,1,1
15556,79,cover,3,1
16553,79,cover,2,1
17606,79,cover,1,1
17703,79,cover,3,1
18447,79,cover,1,1
19355,79,cover,4,1
19988,79,cover,6,1
20716,79,cover,1,1
21247,79,cover,3,1
22756,79,cover,1,1
22821,79,cover,1,1
23906,79,cover,3,1
25461,79,cover,3,1
25492,79,cover,2,1
25712,79,cover,3,1
27577,79,cover,2,1
28924,79,cover,2,1
29263,79,cover,1,1
29809,79,cover,3,1
30646,79,cover,1,1
31259,79,cover,1,1
31694,79,cover,1,1
31825,79,cover,1,1
32120,79,cover,1,1
32752,79,cover,3,1
33251,79,cover,0,1
33465,79,cover,0,1
33469,79,cover,2,1
33685,79,cover,1,1
33884,79,cover,2,1
33970,79,cover,2,1
34718,79,cover,0,1
35055,79,cover,2,1
35241,79,cover,3,1
35813,79,cover,1,1
35911,79,cover,1,1
36369,79,cover,3,1
37270,79,cover,1,1
37811,79,cover,1,1
37843,79,cover,3,1
37955,79,cover,2,1
38574,79,cover,4,1
38657,79,cover,3,1
39328,79,cover,1,1
40405,79,cover,4,1
40679,79,cover,1,1
41078,79,cover,1,1
41182,79,cover,0,1
41313,79,cover,1,1
41795,79,cover,0,1
42206,79,cover,2,1
42654,79,cover,5,1
43861,79,cover,1,1
44214,79,cover,7,1
44486,79,cover,2,1
45912,79,cover,3,1
46374,79,cover,3,1
47543,79,cover,1,1
48000,79,cover,4,1
49324,79,cover,1,1
49551,79,cover,3,1
50160,79,cover,2,1
50311,79,cover,2,1
50791,79,cover,2,1
51491,79,cover,2,1
52033,79,cover,4,1
52483,79,cover,1,1
52915,79,cover,4,1
53452,79,cover,1,1
54757,79,cover,3,1
54890,79,cover,2,1
55153,79,cover,3,1
56008,79,cover,2,1
56496,79,cover,2,1
56510,79,cover,2,1
56768,79,cover,3,1
56987,79,cover,1,1
57167,79,cover,3,1
57723,79,cover,1,1
58115,79,cover,0,1
59273,79,cover,1,1
59898,79,cover,4,1
60149,79,cover,2,1
60303,79,cover,1,1
60436,79,cover,4,1
61046,79,cover,0,1
61172,79,cover,2,1
62009,79,cover,2,1
62293,79,cover,3,1
63226,79,cover,1,1
63325,79,cover,1,1
64137,79,cover,2,1
64290,79,cover,1,1
64468,79,cover,1,1
65858,79,cover,3,1
66347,79,cover,2,1
67776,79,cover,1,1
69712,79,cover,4,1
69780,79,cover,5,1
71019,79,cover,4,1
71621,79,cover,2,1
71648,79,cover,2,1
73116,79,cover,2,1
73385,79,cover,2,1
73552,79,cover,4,1
74639,79,cover,1,1
75141,79,cover,2,1
76202,79,0-1m,0,1
76245,79,0-1m,1,1
77463,79,0-1m,2,1
77612,79,0-1m,1,1
77659,79,0-1m,1,1
78422,79,0-1m,1,1
79360,79,0-1m,1,1
79490,79,0-1m,3,1
80182,79,0-1m,2,1
80900,79,0-1m,2,1
81556,79,0-1m,0,1
82517,79,0-1m,1,1
82527,79,0-1m,1,1
82566,79,0-1m,2,1
83508,79,1-2m,1,1
83710,79,1-2m,1,1
83731,79,1-2m,2,1
84668,79,1-2m,2,1
85851,79,1-2m,3,1
85912,79,1-2m,2,1
86600,79,1-2m,1,1
86672,79,1-2m,4,1
87157,79,1-2m,1,1
87204,79,1-2m,2,1
87557,79,1-2m,1,1
87670,79,2-3m,1,1
88016,79,2-3m,1,1
88505,79,2-3m,4,1
89352,79,2-3m,0,1
90021,79,2-3m,2,1
90102,79,2-3m,3,1
90655,79,2-3m,2,1
90666,79,2-3m,1,1
90743,79,3-4m,1,1
91715,79,3-4m,2,1
92133,79,3-4m,3,1
93223,79,3-4m,2,1
94872,79,3-4m,0,1
97226,79,3-4m,2,1
98226,79,3-4m,1,1
98826,79,3-4m,1,1
99194,79,4-5m,3,1
99307,79,4-5m,0,1
99315,79,4-5m,0,1
99665,79,4-5m,0,1
100136,79,5-6m,1,1
100852,79,5-6m,1,1
101032,79,5-6m,1,1
101209,79,5-6m,0,1
101360,79,5-6m,1,1
101437,79,5-6m,0,1
101952,79,5-6m,0,1
102522,79,6-7m,0,1
102745,79,6-7m,0,1
103231,79,6-7m,0,1
106372,79,6-7m,1,1
109078,79,6-7m,1,1
109147,79,7-8m,1,1
109742,79,7-8m,1,1
110626,79,7-8m,0,1
111053,79,7-8m,0,1
111125,79,8-9m,0,1
111438,79,9-10m,0,1
112348,79,9-10m,0,1
113099,79,9-10m,0,1
113287,79,9-10m,0,1
502,80,No tree,0,0
7872,80,No tree,0,0
8461,80,No tree,0,0
12663,80,No tree,0,0
31759,80,No tree,0,0
34640,80,No tree,0,0
35563,80,No tree,0,0
54360,80,No tree,0,0
61274,80,No tree,2,0
69982,80,No tree,0,0
81296,80,No tree,0,0
89721,80,No tree,1,0
106350,80,No tree,0,0
385,80,cover,2,0
1134,80,cover,3,0
1460,80,cover,1,0
1871,80,cover,3,0
2363,80,cover,1,0
2895,80,cover,1,0
3147,80,cover,1,0
3305,80,cover,2,0
4406,80,cover,1,0
4804,80,cover,4,0
5309,80,cover,1,0
5462,80,cover,2,0
5515,80,cover,3,0
6385,80,cover,2,0
7588,80,cover,3,0
7986,80,cover,1,0
8207,80,cover,2,0
9548,80,cover,2,0
9705,80,cover,4,0
10411,80,cover,2,0
10425,80,cover,2,0
10624,80,cover,3,0
10877,80,cover,3,0
11214,80,cover,1,0
11940,80,cover,1,0
12793,80,cover,1,0
12960,80,cover,2,0
14013,80,cover,4,0
14157,80,cover,3,0
14825,80,cover,1,0
15384,80,cover,1,0
15543,80,cover,1,0
16592,80,cover,3,0
18619,80,cover,1,0
19212,80,cover,1,0
19499,80,cover,3,0
19678,80,cover,1,0
20457,80,cover,3,0
20475,80,cover,2,0
20496,80,cover,2,0
21935,80,cover,3,0
22344,80,cover,3,0
22346,80,cover,2,0
22835,80,cover,2,0
23620,80,cover,0,0
24528,80,cover,1,0
25592,80,cover,2,0
27003,80,cover,3,0
28125,80,cover,1,0
29395,80,cover,1,0
29592,80,cover,1,0
30325,80,cover,3,0
31690,80,cover,1,0
32588,80,cover,1,0
33163,80,cover,1,0
33164,80,cover,1,0
33330,80,cover,1,0
33811,80,cover,1,0
34038,80,cover,2,0
34408,80,cover,2,0
34418,80,cover,2,0
36459,80,cover,4,0
37141,80,cover,9,0
37507,80,cover,1,0
37730,80,cover,0,0
39219,80,cover,2,0
39534,80,cover,2,0
43151,80,cover,3,0
43224,80,cover,3,0
44085,80,cover,2,0
44739,80,cover,3,0
46801,80,cover,1,0
48459,80,cover,2,0
48624,80,cover,3,0
49290,80,cover,1,0
51630,80,cover,2,0
51969,80,cover,2,0
52673,80,cover,2,0
52920,80,cover,1,0
53154,80,cover,2,0
53415,80,cover,0,0
54192,80,cover,4,0
54240,80,cover,1,0
54708,80,cover,0,0
55542,80,cover,3,0
56036,80,cover,0,0
56115,80,cover,1,0
57263,80,cover,1,0
57701,80,cover,2,0
58332,80,cover,2,0
58435,80,cover,2,0
58451,80,cover,5,0
58529,80,cover,0,0
58537,80,cover,1,0
58907,80,cover,3,0
59331,80,cover,1,0
60959,80,cover,1,0
62341,80,cover,3,0
63037,80,cover,1,0
64142,80,cover,0,0
64580,80,cover,2,0
65730,80,cover,1,0
66045,80,cover,3,0
68446,80,cover,2,0
69250,80,cover,2,0
70303,80,cover,7,0
71408,80,cover,1,0
71727,80,cover,0,0
71813,80,cover,2,0
72155,80,cover,3,0
72881,80,cover,2,0
73458,80,cover,1,0
74526,80,cover,4,0
74873,80,cover,3,0
74962,80,cover,1,0
75375,80,cover,0,0
76328,80,cover,4,0
76370,80,cover,3,0
78589,80,cover,1,0
79298,80,cover,4,0
79647,80,cover,2,0
79875,80,cover,1,0
79887,80,cover,2,0
80331,80,cover,0,0
80789,80,cover,1,0
81459,80,cover,3,0
82963,80,cover,3,0
83456,80,cover,3,0
85287,80,cover,0,0
86446,80,cover,2,0
86857,80,cover,1,0
88421,80,cover,2,0
88904,80,cover,1,0
89030,80,cover,2,0
89112,80,cover,1,0
89194,80,cover,1,0
89573,80,cover,2,0
92691,80,cover,2,0
93560,80,cover,3,0
93568,80,cover,3,0
94366,80,cover,1,0
94525,80,cover,2,0
95303,80,cover,2,0
96190,80,cover,3,0
96829,80,cover,1,0
97022,80,cover,2,0
97441,80,cover,1,0
97452,80,cover,0,0
97598,80,cover,1,0
100344,80,cover,1,0
100938,80,cover,1,0
101521,80,cover,1,0
101527,80,cover,5,0
101883,80,cover,1,0
102756,80,cover,1,0
102778,80,cover,1,0
102898,80,cover,1,0
102919,80,cover,2,0
103163,80,cover,2,0
103800,80,cover,2,0
105468,80,cover,2,0
105652,80,cover,1,0
106050,80,cover,1,0
106438,80,cover,4,0
108314,80,cover,1,0
108844,80,cover,1,0
109158,80,cover,2,0
109222,80,cover,0,0
109293,80,cover,2,0
109428,80,cover,2,0
109654,80,cover,1,0
110103,80,cover,1,0
110519,80,cover,3,0
110610,80,cover,2,0
110849,80,cover,1,0
111847,80,cover,1,0
112418,80,cover,1,0
23511,80,0-1m,2,0
48170,80,0-1m,2,0
76718,80,0-1m,1,0
68193,80,0-1m,1,0
78488,80,0-1m,2,0
83167,80,0-1m,1,0
81748,80,0-1m,3,0
34229,80,0-1m,0,0
59828,80,0-1m,1,0
98309,80,0-1m,2,0
66962,80,0-1m,2,0
24453,80,1-2m,4,0
30042,80,1-2m,1,0
53958,80,1-2m,2,0
111198,80,1-2m,2,0
104317,80,1-2m,1,0
65019,80,1-2m,0,0
81117,80,1-2m,4,0
12711,80,1-2m,1,0
98534,80,1-2m,4,0
90339,80,1-2m,1,0
49880,80,1-2m,2,0
27945,80,1-2m,0,0
109779,80,1-2m,1,0
74562,80,1-2m,1,0
54417,80,1-2m,1,0
5411,80,1-2m,2,0
17642,80,1-2m,2,0
67714,80,1-2m,1,0
111986,80,1-2m,0,0
1525,80,1-2m,1,0
104697,80,1-2m,3,0
55285,80,2-3m,2,0
110075,80,2-3m,0,0
60588,80,2-3m,2,0
43571,80,2-3m,1,0
49104,80,2-3m,3,0
59702,80,2-3m,0,0
47256,80,2-3m,0,0
73838,80,2-3m,0,0
6117,80,2-3m,0,0
24532,80,2-3m,1,0
107683,80,2-3m,0,0
85726,80,2-3m,2,0
49500,80,3-4m,2,0
65088,80,3-4m,0,0
96422,80,3-4m,3,0
72089,80,3-4m,0,0
42556,80,3-4m,1,0
106333,80,3-4m,1,0
13157,80,3-4m,0,0
54951,80,3-4m,1,0
72202,80,3-4m,1,0
52926,80,3-4m,0,0
7805,80,3-4m,3,0
20467,80,3-4m,1,0
81683,80,3-4m,1,0
14458,80,4-5m,2,0
75200,80,4-5m,1,0
93619,80,4-5m,0,0
33481,80,4-5m,0,0
44033,80,4-5m,1,0
81164,80,5-6m,0,0
106435,80,5-6m,2,0
61602,80,5-6m,0,0
65373,80,5-6m,1,0
22773,80,5-6m,3,0
51112,80,5-6m,1,0
66055,80,5-6m,0,0
40619,80,6-7m,1,0
60496,80,6-7m,1,0
101755,80,6-7m,0,0
12783,80,6-7m,0,0
40057,80,6-7m,0,0
96990,80,6-7m,0,0
59777,80,6-7m,0,0
4531,80,6-7m,1,0
76666,80,6-7m,0,0
101126,80,7-8m,1,0
102886,80,7-8m,1,0
19830,80,7-8m,0,0
91950,80,7-8m,0,0
85842,80,8-9m,0,0
248,80,8-9m,1,0
50430,80,8-9m,0,0
46902,80,9-10m,0,0
53729,80,9-10m,0,0
63132,80,9-10m,0,0
3583,81,no tree,0,0
4397,81,no tree,0,0
11167,81,no tree,0,0
12135,81,no tree,0,0
13648,81,no tree,2,0
21018,81,no tree,0,0
21142,81,no tree,0,0
23895,81,no tree,0,0
29380,81,no tree,0,0
65124,81,no tree,0,0
66500,81,no tree,1,0
67205,81,no tree,0,0
69857,81,no tree,0,0
72835,81,no tree,0,0
74549,81,no tree,1,0
79842,81,no tree,0,0
81529,81,no tree,0,0
83869,81,no tree,0,0
99536,81,no tree,0,0
383,81,cover,5,0
891,81,cover,1,0
1580,81,cover,1,0
1678,81,cover,3,0
3160,81,cover,2,0
3612,81,cover,2,0
3810,81,cover,1,0
3852,81,cover,2,0
3917,81,cover,2,0
5060,81,cover,2,0
5691,81,cover,4,0
6097,81,cover,4,0
6721,81,cover,3,0
7702,81,cover,2,0
7983,81,cover,2,0
8514,81,cover,0,0
9641,81,cover,1,0
11676,81,cover,2,0
12065,81,cover,1,0
12588,81,cover,3,0
13420,81,cover,2,0
13505,81,cover,1,0
14318,81,cover,3,0
15335,81,cover,1,0
16043,81,cover,1,0
16755,81,cover,1,0
17231,81,cover,1,0
17928,81,cover,3,0
18191,81,cover,1,0
18356,81,cover,5,0
19148,81,cover,2,0
19483,81,cover,2,0
19680,81,cover,3,0
19823,81,cover,2,0
20368,81,cover,2,0
20917,81,cover,1,0
21396,81,cover,1,0
22330,81,cover,2,0
23700,81,cover,1,0
24279,81,cover,1,0
25547,81,cover,3,0
26763,81,cover,2,0
27017,81,cover,1,0
27767,81,cover,2,0
27937,81,cover,2,0
28700,81,cover,2,0
30118,81,cover,6,0
31842,81,cover,3,0
32036,81,cover,3,0
34346,81,cover,2,0
35235,81,cover,1,0
35618,81,cover,5,0
35637,81,cover,1,0
36680,81,cover,2,0
38384,81,cover,2,0
38803,81,cover,1,0
39413,81,cover,1,0
39862,81,cover,3,0
39972,81,cover,2,0
40390,81,cover,3,0
40629,81,cover,2,0
41115,81,cover,4,0
42345,81,cover,2,0
45376,81,cover,2,0
46597,81,cover,3,0
46714,81,cover,1,0
47074,81,cover,2,0
47364,81,cover,3,0
47766,81,cover,1,0
47981,81,cover,1,0
49784,81,cover,2,0
51536,81,cover,4,0
52457,81,cover,2,0
54759,81,cover,2,0
55041,81,cover,1,0
55162,81,cover,1,0
55231,81,cover,3,0
55428,81,cover,2,0
55438,81,cover,1,0
55547,81,cover,3,0
55767,81,cover,1,0
56380,81,cover,2,0
56423,81,cover,4,0
57807,81,cover,2,0
57905,81,cover,2,0
59923,81,cover,1,0
60141,81,cover,2,0
60326,81,cover,2,0
60629,81,cover,1,0
60714,81,cover,2,0
61296,81,cover,3,0
61950,81,cover,1,0
62792,81,cover,5,0
63009,81,cover,2,0
63340,81,cover,3,0
63844,81,cover,1,0
64110,81,cover,3,0
65354,81,cover,2,0
65653,81,cover,2,0
65959,81,cover,3,0
65991,81,cover,2,0
66370,81,cover,4,0
66627,81,cover,3,0
67000,81,cover,4,0
67051,81,cover,3,0
67107,81,cover,3,0
69639,81,cover,3,0
70142,81,cover,2,0
70468,81,cover,2,0
71033,81,cover,2,0
71820,81,cover,4,0
72112,81,cover,3,0
72204,81,cover,1,0
72920,81,cover,4,0
73612,81,cover,2,0
73943,81,cover,1,0
73958,81,cover,4,0
74138,81,cover,2,0
74806,81,cover,3,0
75202,81,cover,4,0
75805,81,cover,1,0
76343,81,cover,3,0
76893,81,cover,2,0
76909,81,cover,1,0
77464,81,cover,2,0
77522,81,cover,5,0
77666,81,cover,4,0
78091,81,cover,2,0
78560,81,cover,1,0
78571,81,cover,3,0
79371,81,cover,2,0
79684,81,cover,1,0
80287,81,cover,1,0
80401,81,cover,1,0
81533,81,cover,3,0
82101,81,cover,3,0
82611,81,cover,1,0
83714,81,cover,0,0
84442,81,cover,1,0
84880,81,cover,2,0
85838,81,cover,2,0
86034,81,cover,2,0
86281,81,cover,4,0
86774,81,cover,2,0
86882,81,cover,2,0
87683,81,cover,1,0
88070,81,cover,5,0
88269,81,cover,4,0
89844,81,cover,2,0
90342,81,cover,1,0
90977,81,cover,2,0
91145,81,cover,4,0
91807,81,cover,1,0
93431,81,cover,2,0
93819,81,cover,3,0
94518,81,cover,2,0
94924,81,cover,2,0
95139,81,cover,2,0
96180,81,cover,2,0
96256,81,cover,3,0
96266,81,cover,1,0
97095,81,cover,1,0
97721,81,cover,1,0
98451,81,cover,3,0
98935,81,cover,2,0
99965,81,cover,4,0
99991,81,cover,2,0
101052,81,cover,5,0
102111,81,cover,2,0
103202,81,cover,3,0
103790,81,cover,3,0
104159,81,cover,2,0
104172,81,cover,5,0
104292,81,cover,4,0
104884,81,cover,4,0
106998,81,cover,2,0
107035,81,cover,0,0
107376,81,cover,2,0
108597,81,cover,3,0
109038,81,cover,3,0
109656,81,cover,4,0
110331,81,cover,3,0
110850,81,cover,4,0
111618,81,cover,2,0
112320,81,cover,1,0
37091,81,0-1m,2,0
97216,81,0-1m,3,0
4239,81,0-1m,1,0
17277,81,0-1m,3,0
38063,81,0-1m,4,0
37750,81,0-1m,1,0
77056,81,0-1m,5,0
23563,81,0-1m,3,0
20025,81,0-1m,2,0
26751,81,0-1m,3,0
73105,81,0-1m,2,0
91179,81,0-1m,2,0
102314,81,0-1m,2,0
17817,81,0-1m,1,0
25870,81,0-1m,3,0
10925,81,0-1m,0,0
16513,81,0-1m,2,0
82627,81,0-1m,3,0
99917,81,1-2m,2,0
12291,81,1-2m,2,0
98745,81,1-2m,0,0
58971,81,1-2m,3,0
26690,81,1-2m,3,0
35487,81,1-2m,2,0
16153,81,1-2m,2,0
83213,81,1-2m,1,0
94486,81,1-2m,1,0
48002,81,1-2m,1,0
32905,81,1-2m,1,0
81898,81,2-3m,0,0
32226,81,2-3m,2,0
68048,81,2-3m,0,0
21810,81,2-3m,0,0
96676,81,2-3m,2,0
24,81,2-3m,1,0
22245,81,2-3m,2,0
46026,81,2-3m,0,0
103967,81,2-3m,2,0
5709,81,3-4m,2,0
10268,81,3-4m,0,0
18171,81,3-4m,2,0
80204,81,3-4m,1,0
106759,81,3-4m,1,0
10523,81,3-4m,1,0
12074,81,3-4m,2,0
100766,81,4-5m,2,0
21340,81,4-5m,0,0
76540,81,4-5m,1,0
59510,81,4-5m,1,0
104767,81,4-5m,1,0
66035,81,4-5m,0,0
87864,81,4-5m,1,0
5035,81,4-5m,1,0
88375,81,4-5m,1,0
68151,81,4-5m,2,0
35730,81,4-5m,1,0
65975,81,5-6m,0,0
64475,81,5-6m,0,0
106391,81,5-6m,1,0
57919,81,5-6m,0,0
105877,81,5-6m,1,0
53925,81,5-6m,0,0
11778,81,5-6m,0,0
49078,81,5-6m,1,0
106910,81,6-7m,1,0
71180,81,6-7m,1,0
36463,81,6-7m,1,0
98469,81,6-7m,0,0
53162,81,6-7m,0,0
90945,81,6-7m,1,0
7130,81,6-7m,0,0
80083,81,6-7m,0,0
52584,81,7-8m,1,0
5673,81,7-8m,1,0
23429,81,8-9m,0,0
23295,81,8-9m,1,0
40410,81,8-9m,1,0
11200,81,8-9m,1,0
111855,81,8-9m,0,0
81998,81,8-9m,0,0
81160,81,8-9m,0,0
112623,81,8-9m,0,0
21009,81,8-9m,0,0
90584,81,9-10m,0,0
19324,81,9-10m,0,0
38752,81,9-10m,0,0
69992,81,9-10m,0,0
4767,113,No tree,0,0
12286,113,No tree,0,0
14289,113,No tree,0,0
43732,113,No tree,0,0
52550,113,No tree,0,0
56059,113,No tree,0,0
63516,113,No tree,0,0
73540,113,No tree,0,0
74981,113,No tree,0,0
77859,113,No tree,0,0
88389,113,No tree,0,0
104753,113,No tree,0,0
343,113,cover,1,0
689,113,cover,3,0
790,113,cover,3,0
1916,113,cover,3,0
3036,113,cover,1,0
3506,113,cover,1,0
3642,113,cover,1,0
4574,113,cover,2,0
4764,113,cover,0,0
5062,113,cover,3,0
6399,113,cover,1,0
6559,113,cover,1,0
7940,113,cover,1,0
8967,113,cover,3,0
9136,113,cover,5,0
9256,113,cover,3,0
13033,113,cover,6,0
14078,113,cover,1,0
15161,113,cover,2,0
16347,113,cover,3,0
17114,113,cover,2,0
17422,113,cover,1,0
18596,113,cover,1,0
19043,113,cover,2,0
19701,113,cover,3,0
20648,113,cover,1,0
20916,113,cover,0,0
21008,113,cover,1,0
21578,113,cover,2,0
22440,113,cover,1,0
26325,113,cover,2,0
28515,113,cover,3,0
31029,113,cover,1,0
31202,113,cover,3,0
31512,113,cover,2,0
34743,113,cover,3,0
34750,113,cover,1,0
35046,113,cover,3,0
35738,113,cover,1,0
36995,113,cover,2,0
37649,113,cover,1,0
41761,113,cover,8,0
44890,113,cover,2,0
45664,113,cover,3,0
47494,113,cover,1,0
47753,113,cover,1,0
48735,113,cover,5,0
48995,113,cover,2,0
50691,113,cover,4,0
51393,113,cover,2,0
51414,113,cover,2,0
52181,113,cover,3,0
52776,113,cover,4,0
54423,113,cover,1,0
57488,113,cover,3,0
57952,113,cover,2,0
58242,113,cover,1,0
59985,113,cover,3,0
60068,113,cover,3,0
62313,113,cover,2,0
62922,113,cover,3,0
63883,113,cover,2,0
64460,113,cover,6,0
65157,113,cover,1,0
65318,113,cover,4,0
65622,113,cover,2,0
66602,113,cover,5,0
67320,113,cover,4,0
69216,113,cover,1,0
69322,113,cover,4,0
69792,113,cover,2,0
73025,113,cover,1,0
77538,113,cover,4,0
77904,113,cover,4,0
77917,113,cover,1,0
78849,113,cover,3,0
80416,113,cover,5,0
81194,113,cover,3,0
81237,113,cover,3,0
81694,113,cover,3,0
82025,113,cover,1,0
83040,113,cover,2,0
84733,113,cover,3,0
84813,113,cover,5,0
85642,113,cover,3,0
85988,113,cover,2,0
86366,113,cover,3,0
87643,113,cover,2,0
87989,113,cover,1,0
88078,113,cover,1,0
89277,113,cover,1,0
90927,113,cover,2,0
93497,113,cover,1,0
94073,113,cover,1,0
95083,113,cover,3,0
95328,113,cover,1,0
96298,113,cover,3,0
96684,113,cover,3,0
97031,113,cover,3,0
97545,113,cover,1,0
97730,113,cover,4,0
98843,113,cover,1,0
99281,113,cover,2,0
99612,113,cover,1,0
100341,113,cover,1,0
100549,113,cover,5,0
100773,113,cover,3,0
101063,113,cover,2,0
102965,113,cover,3,0
106032,113,cover,1,0
107127,113,cover,2,0
107873,113,cover,0,0
107938,113,cover,1,0
108928,113,cover,6,0
109367,113,cover,3,0
109947,113,cover,2,0
110503,113,cover,2,0
111434,113,cover,1,0
111828,113,cover,4,0
72156,113,0-1m,2,0
65051,113,0-1m,3,0
35767,113,0-1m,1,0
27530,113,0-1m,2,0
85137,113,0-1m,2,0
28714,113,0-1m,0,0
47963,113,1-2m,3,0
32328,113,1-2m,1,0
105075,113,1-2m,1,0
16014,113,1-2m,2,0
98411,113,1-2m,2,0
105610,113,1-2m,2,0
96546,113,1-2m,1,0
78911,113,1-2m,1,0
28880,113,2-3m,2,0
31601,113,2-3m,1,0
56926,113,2-3m,3,0
98458,113,2-3m,1,0
43080,113,2-3m,3,0
109378,113,2-3m,2,0
18742,113,2-3m,1,0
43148,113,2-3m,1,0
75812,113,2-3m,0,0
84980,113,3-4m,0,0
99927,113,3-4m,1,0
52699,113,3-4m,0,0
39714,113,3-4m,0,0
25459,113,3-4m,2,0
26284,113,3-4m,1,0
58165,113,3-4m,0,0
79805,113,3-4m,0,0
52078,113,3-4m,2,0
68694,113,3-4m,0,0
42248,113,3-4m,1,0
13478,113,4-5m,4,0
26020,113,4-5m,0,0
63005,113,4-5m,1,0
55463,113,5-6m,0,0
37720,113,5-6m,0,0
76558,113,5-6m,0,0
86807,113,5-6m,1,0
16278,113,5-6m,1,0
101757,113,6-7m,0,0
104876,113,6-7m,0,0
44839,113,7-8m,0,0
98195,113,7-8m,0,0
18409,113,7-8m,0,0
64896,113,7-8m,0,0
22039,113,7-8m,0,0
81797,113,8-9m,1,0
51949,113,8-9m,1,0
39210,114,No tree,0,0
51600,114,No tree,0,0
59816,114,No tree,0,0
63592,114,No tree,0,0
64463,114,No tree,0,0
69791,114,No tree,0,0
75384,114,No tree,0,0
90616,114,No tree,0,0
93617,114,No tree,0,0
100146,114,No tree,0,0
111908,114,No tree,0,0
833,114,cover,4,0
2239,114,cover,4,0
2477,114,cover,3,0
2504,114,cover,1,0
5622,114,cover,2,0
6078,114,cover,1,0
6153,114,cover,1,0
6229,114,cover,2,0
6707,114,cover,2,0
6723,114,cover,2,0
7010,114,cover,2,0
8761,114,cover,0,0
10914,114,cover,1,0
15073,114,cover,2,0
15639,114,cover,5,0
16032,114,cover,1,0
18400,114,cover,1,0
18484,114,cover,2,0
18508,114,cover,2,0
18777,114,cover,1,0
20449,114,cover,1,0
20740,114,cover,3,0
25428,114,cover,4,0
25483,114,cover,2,0
26702,114,cover,2,0
26717,114,cover,2,0
28440,114,cover,2,0
28505,114,cover,1,0
29279,114,cover,1,0
29561,114,cover,1,0
30091,114,cover,5,0
32736,114,cover,1,0
35397,114,cover,2,0
35532,114,cover,4,0
36278,114,cover,2,0
39264,114,cover,2,0
39709,114,cover,3,0
40033,114,cover,1,0
40979,114,cover,1,0
42681,114,cover,4,0
42716,114,cover,3,0
42737,114,cover,1,0
43665,114,cover,4,0
44053,114,cover,2,0
44201,114,cover,1,0
45763,114,cover,2,0
47720,114,cover,1,0
50802,114,cover,1,0
51592,114,cover,2,0
51885,114,cover,4,0
52020,114,cover,2,0
52532,114,cover,7,0
53275,114,cover,2,0
53829,114,cover,1,0
58919,114,cover,2,0
59781,114,cover,2,0
61318,114,cover,2,0
64372,114,cover,1,0
69745,114,cover,5,0
70302,114,cover,1,0
72615,114,cover,4,0
73067,114,cover,1,0
73207,114,cover,3,0
73757,114,cover,1,0
74730,114,cover,3,0
75063,114,cover,4,0
75521,114,cover,3,0
78575,114,cover,2,0
80566,114,cover,5,0
80585,114,cover,5,0
80757,114,cover,2,0
81791,114,cover,1,0
81842,114,cover,1,0
82351,114,cover,4,0
83007,114,cover,1,0
84794,114,cover,1,0
85636,114,cover,2,0
86589,114,cover,3,0
89574,114,cover,1,0
89625,114,cover,2,0
89719,114,cover,4,0
90050,114,cover,6,0
90280,114,cover,2,0
90404,114,cover,2,0
90753,114,cover,1,0
91296,114,cover,1,0
92549,114,cover,0,0
94943,114,cover,2,0
95418,114,cover,1,0
96353,114,cover,2,0
96704,114,cover,4,0
99783,114,cover,3,0
100988,114,cover,4,0
101214,114,cover,2,0
103286,114,cover,2,0
104721,114,cover,3,0
104980,114,cover,2,0
106068,114,cover,1,0
106260,114,cover,1,0
106354,114,cover,3,0
107380,114,cover,1,0
107781,114,cover,5,0
109118,114,cover,1,0
109224,114,cover,1,0
110947,114,cover,3,0
111432,114,cover,2,0
111781,114,cover,1,0
112882,114,cover,4,0
113364,114,cover,4,0
25460,114,0-1m,0,0
23660,114,0-1m,2,0
8249,114,0-1m,5,0
35922,114,0-1m,1,0
106426,114,0-1m,1,0
106531,114,0-1m,2,0
13927,114,0-1m,3,0
32505,114,0-1m,2,0
65953,114,0-1m,3,0
54022,114,0-1m,0,0
28468,114,0-1m,1,0
34686,114,0-1m,2,0
82405,114,0-1m,2,0
16689,114,1-2m,1,0
105729,114,1-2m,4,0
3314,114,1-2m,2,0
41251,114,1-2m,2,0
19720,114,1-2m,3,0
3052,114,1-2m,3,0
11488,114,1-2m,1,0
77300,114,1-2m,1,0
78149,114,1-2m,3,0
75168,114,2-3m,1,0
98326,114,2-3m,2,0
103956,114,2-3m,0,0
99955,114,2-3m,1,0
43961,114,2-3m,1,0
71328,114,2-3m,2,0
37714,114,2-3m,0,0
91954,114,2-3m,2,0
97685,114,2-3m,0,0
73893,114,2-3m,3,0
29530,114,2-3m,1,0
697,114,2-3m,1,0
51070,114,2-3m,1,0
24740,114,2-3m,1,0
52125,114,2-3m,1,0
65025,114,3-4m,1,0
76107,114,3-4m,2,0
17249,114,3-4m,0,0
6973,114,3-4m,0,0
75614,114,3-4m,2,0
58381,114,3-4m,3,0
76450,114,3-4m,1,0
103522,114,3-4m,1,0
56671,114,3-4m,0,0
38434,114,4-5m,0,0
39718,114,4-5m,1,0
25815,114,4-5m,0,0
44550,114,4-5m,1,0
5883,114,4-5m,1,0
83497,114,5-6m,0,0
110800,114,5-6m,2,0
31965,114,6-7m,0,0
34974,114,6-7m,0,0
12745,114,6-7m,1,0
63463,114,6-7m,0,0
28467,114,6-7m,0,0
42641,114,6-7m,1,0
72502,114,7-8m,0,0
3044,114,7-8m,0,0
38842,114,8-9m,0,0
109639,114,8-9m,1,0
80262,114,8-9m,0,0
55983,114,8-9m,2,0
11621,114,9-10m,0,0
53129,114,9-10m,1,0
3457,115,No tree,0,0
12022,115,No tree,0,0
19214,115,No tree,0,0
22794,115,No tree,0,0
25175,115,No tree,0,0
27176,115,No tree,0,0
31447,115,No tree,0,0
46250,115,No tree,1,0
48793,115,No tree,0,0
54314,115,No tree,0,0
57421,115,No tree,0,0
59220,115,No tree,0,0
74866,115,No tree,0,0
81344,115,No tree,0,0
92537,115,No tree,0,0
99796,115,No tree,0,0
103250,115,No tree,0,0
103861,115,No tree,0,0
57,115,cover,4,0
535,115,cover,2,0
1573,115,cover,1,0
1804,115,cover,3,0
2038,115,cover,2,0
3384,115,cover,5,0
3394,115,cover,2,0
3429,115,cover,1,0
3484,115,cover,1,0
4333,115,cover,5,0
5476,115,cover,9,0
6151,115,cover,2,0
7727,115,cover,3,0
8254,115,cover,4,0
8496,115,cover,3,0
10440,115,cover,4,0
11001,115,cover,2,0
16082,115,cover,3,0
16996,115,cover,0,0
17846,115,cover,2,0
21094,115,cover,4,0
22215,115,cover,3,0
22522,115,cover,1,0
23779,115,cover,1,0
24452,115,cover,2,0
25430,115,cover,2,0
28339,115,cover,5,0
29996,115,cover,2,0
31027,115,cover,4,0
31417,115,cover,3,0
33464,115,cover,3,0
33593,115,cover,1,0
33875,115,cover,4,0
35101,115,cover,3,0
35200,115,cover,3,0
40317,115,cover,3,0
41722,115,cover,3,0
42227,115,cover,3,0
42944,115,cover,1,0
43751,115,cover,3,0
46299,115,cover,2,0
46881,115,cover,6,0
48526,115,cover,1,0
48689,115,cover,4,0
53809,115,cover,1,0
58578,115,cover,2,0
59303,115,cover,5,0
60943,115,cover,1,0
62510,115,cover,3,0
66728,115,cover,5,0
69675,115,cover,4,0
70912,115,cover,1,0
76288,115,cover,3,0
77722,115,cover,5,0
77879,115,cover,5,0
77921,115,cover,2,0
80079,115,cover,3,0
80149,115,cover,0,0
81729,115,cover,1,0
82325,115,cover,5,0
82353,115,cover,2,0
84055,115,cover,6,0
84094,115,cover,1,0
85414,115,cover,3,0
85847,115,cover,4,0
86400,115,cover,1,0
87765,115,cover,3,0
89916,115,cover,0,0
89952,115,cover,1,0
92419,115,cover,4,0
93654,115,cover,3,0
94671,115,cover,2,0
94892,115,cover,1,0
95076,115,cover,4,0
95997,115,cover,4,0
98038,115,cover,5,0
100605,115,cover,7,0
104621,115,cover,1,0
104763,115,cover,3,0
105511,115,cover,4,0
106844,115,cover,2,0
107958,115,cover,1,0
45830,115,0-1m,2,0
4172,115,0-1m,1,0
108363,115,0-1m,2,0
112389,115,0-1m,3,0
82504,115,0-1m,1,0
54763,115,0-1m,3,0
62223,115,0-1m,1,0
8304,115,0-1m,4,0
49052,115,0-1m,1,0
104672,115,1-2m,2,0
76842,115,1-2m,1,0
82252,115,1-2m,1,0
96285,115,1-2m,0,0
29033,115,1-2m,2,0
105833,115,1-2m,4,0
75235,115,1-2m,1,0
14662,115,2-3m,3,0
97914,115,2-3m,3,0
2557,115,2-3m,3,0
56505,115,2-3m,3,0
47493,115,2-3m,1,0
101251,115,2-3m,1,0
53706,115,2-3m,2,0
23328,115,2-3m,3,0
77290,115,2-3m,3,0
30754,115,2-3m,2,0
65094,115,2-3m,2,0
25792,115,3-4m,1,0
99891,115,3-4m,1,0
86586,115,3-4m,3,0
61830,115,3-4m,0,0
107653,115,3-4m,0,0
45898,115,3-4m,1,0
103154,115,3-4m,0,0
13808,115,4-5m,2,0
92656,115,4-5m,3,0
22834,115,4-5m,1,0
73921,115,4-5m,2,0
27810,115,4-5m,0,0
51281,115,5-6m,0,0
85378,115,5-6m,1,0
12167,115,5-6m,2,0
67220,115,5-6m,0,0
61613,115,5-6m,1,0
35193,115,5-6m,2,0
111237,115,6-7m,1,0
91590,115,6-7m,1,0
33988,115,6-7m,0,0
15469,115,6-7m,0,0
11713,115,6-7m,0,0
13372,115,6-7m,1,0
48558,115,7-8m,0,0
13407,115,7-8m,1,0
11809,115,7-8m,0,0
80871,115,7-8m,0,0
34762,115,8-9m,1,0
23930,115,8-9m,0,0
42136,115,8-9m,0,0
34348,115,8-9m,0,0
25450,115,9-10m,0,0
94462,115,9-10m,0,0
95914,115,9-10m,0,0
19026,115,9-10m,0,0
