OID_b,FID,COUNT_b,AREA_b,MEAN_b
1,0,113604,113604,0
2,1,158761,158761,0
3,2,157852,157852,0
4,3,156923,156923,0
5,4,156000,156000,0
6,5,155091,155091,0
7,6,154151,154151,0
8,7,153218,153218,0
9,8,152308,152308,0
10,9,151361,151361,0
11,10,150421,150421,0
12,11,149527,149527,0
13,12,148606,148606,0
14,13,147653,147653,0
15,14,146745,146745,0
16,15,145834,145834,0
17,16,144870,144870,0
18,17,143952,143952,0
19,18,143053,143053,0
20,19,142100,142100,0
21,20,141183,141183,0
22,21,140274,140274,0
23,22,139327,139327,0
24,23,138403,138403,0
25,24,137493,137493,0
26,25,136562,136562,0
27,26,135623,135623,0
28,27,134713,134713,0
29,28,133791,133791,0
30,29,132841,132841,0
31,30,131935,131935,0
32,31,131019,131019,0.00528925
33,32,130070,130070,0
34,33,129170,129170,0
35,34,128247,128247,0
36,35,127292,127292,0
37,36,126377,126377,0
38,37,125467,125467,0
39,38,124521,124521,0
40,39,123600,123600,0
41,40,122713,122713,0
42,41,121770,121770,0
43,42,120821,120821,0
44,43,119913,119913,0
45,44,118989,118989,0
46,45,86913,86913,0
47,46,114739,114739,0
48,47,159914,159914,0
49,48,159907,159907,0
50,49,159878,159878,0
51,50,159892,159892,0
52,51,159901,159901,0
53,52,159891,159891,0
54,53,159912,159912,0
55,54,159913,159913,0
56,55,159889,159889,0
57,56,159905,159905,0
58,57,159890,159890,0
59,58,159865,159865,0
60,59,159912,159912,0
61,60,159912,159912,0
62,61,159889,159889,0
63,62,159912,159912,0
64,63,159912,159912,0
65,64,159875,159875,0
66,65,159880,159880,0
67,66,159902,159902,0
68,67,159905,159905,0
69,68,159895,159895,0
70,69,159908,159908,0
71,70,159912,159912,0
72,71,159873,159873,0
73,72,159887,159887,0
74,73,159895,159895,0
75,74,159884,159884,0
76,75,159912,159912,0
77,76,159909,159909,0
78,77,159886,159886,0.004048871
79,78,159903,159903,0.000838462
80,79,159886,159886,0
81,80,159868,159868,0
82,81,159903,159903,0
83,82,159908,159908,0
84,83,159902,159902,0
85,84,159896,159896,0
86,85,159906,159906,0
87,86,159884,159884,0
88,87,159859,159859,0
89,88,159905,159905,0
90,89,159908,159908,0
91,90,159884,159884,0
92,91,116799,116799,0
93,92,115649,115649,0
94,93,159914,159914,0
95,94,159891,159891,0
96,95,159914,159914,0
97,96,159913,159913,0
98,97,159882,159882,0
99,98,159888,159888,0
100,99,159892,159892,0
101,100,159901,159901,0
102,101,159903,159903,0
103,102,159913,159913,0
104,103,159909,159909,0
105,104,159894,159894,0
106,105,159890,159890,0
107,106,159889,159889,0
108,107,159880,159880,0
109,108,159912,159912,0
110,109,159911,159911,0
111,110,159889,159889,0
112,111,159911,159911,0
113,112,159898,159898,0
114,113,159863,159863,0
115,114,159894,159894,0
116,115,159912,159912,0
117,116,159891,159891,0
118,117,159907,159907,0
119,118,159911,159911,0
120,119,159892,159892,0
121,120,159874,159874,0
122,121,159885,159885,0
123,122,159910,159910,0
124,123,159887,159887,0
125,124,159908,159908,0
126,125,159910,159910,0
127,126,159886,159886,0
128,127,159884,159884,0
129,128,159884,159884,0
130,129,159881,159881,0
131,130,159909,159909,0
132,131,159909,159909,0
133,132,159886,159886,0
134,133,159906,159906,0
135,134,159887,159887,0
136,135,159873,159873,0
137,136,159886,159886,0
138,137,115884,115884,0
139,138,116599,116599,0
140,139,159892,159892,0
141,140,159873,159873,0
142,141,159913,159913,0
143,142,159914,159914,0
144,143,159891,159891,0
145,144,159914,159914,0
146,145,159911,159911,0
147,146,159867,159867,0
148,147,159890,159890,0
149,148,159905,159905,0
150,149,159889,159889,0
151,150,159913,159913,0
152,151,159912,159912,0
153,152,159894,159894,0
154,153,159892,159892,0
155,154,159888,159888,0
156,155,159887,159887,0
157,156,159897,159897,0
158,157,159911,159911,0
159,158,159910,159910,0
160,159,159889,159889,0
161,160,159904,159904,0
162,161,159888,159888,0
163,162,159862,159862,0
164,163,159910,159910,0
165,164,159910,159910,0
166,165,159887,159887,0
167,166,159909,159909,0
168,167,159911,159911,0
169,168,159862,159862,0
170,169,159884,159884,0
171,170,159905,159905,0
172,171,159896,159896,0
173,172,159897,159897,0
174,173,159910,159910,0
175,174,159907,159907,0
176,175,159868,159868,0
177,176,159884,159884,0
178,177,159898,159898,0
179,178,159885,159885,0
180,179,159908,159908,0
181,180,159908,159908,0
182,181,159884,159884,0
183,182,159892,159892,0
184,183,114923,114923,0
185,184,117539,117539,0
186,185,159893,159893,0
187,186,159907,159907,0
188,187,159891,159891,0
189,188,159879,159879,0
190,189,159898,159898,0
191,190,159913,159913,0
192,191,159910,159910,0
193,192,159893,159893,0
194,193,159913,159913,0
195,194,159896,159896,0
196,195,159866,159866,0
197,196,159897,159897,0
198,197,159912,159912,0
199,198,159889,159889,0.004369554
200,199,159912,159912,0.007437068
201,200,159912,159912,0.029891318
202,201,159881,159881,0.017708444
203,202,159887,159887,0
204,203,159889,159889,0
205,204,159888,159888,0
206,205,159909,159909,0
207,206,159911,159911,0
208,207,159898,159898,0
209,208,159901,159901,0
210,209,159887,159887,0
211,210,159884,159884,0
212,211,159882,159882,0
213,212,159910,159910,0
214,213,159910,159910,0
215,214,159887,159887,0
216,215,159910,159910,0
217,216,159891,159891,0
218,217,159861,159861,0
219,218,159896,159896,0
220,219,159910,159910,0
221,220,159886,159886,0
222,221,159908,159908,0
223,222,159908,159908,0
224,223,159879,159879,0
225,224,159876,159876,0
226,225,159892,159892,0
227,226,159903,159903,0
228,227,159889,159889,0
229,228,159908,159908,0
230,229,113999,113999,0
231,230,118453,118453,0
232,231,159892,159892,0
233,232,159914,159914,0
234,233,159914,159914,0
235,234,159889,159889,0
236,235,159895,159895,0
237,236,159891,159891,0
238,237,159876,159876,0
239,238,159914,159914,0
240,239,159912,159912,0
241,240,159894,159894,0
242,241,159908,159908,0
243,242,159904,159904,0.034711642
244,243,159879,159879,0.013229872
245,244,159876,159876,0.005741145
246,245,159910,159910,0
247,246,159911,159911,0
248,247,159889,159889,0
249,248,159910,159910,0
250,249,159912,159912,0
251,250,159865,159865,0
252,251,159887,159887,1.65E-05
253,252,159903,159903,0.006390277
254,253,159887,159887,0
255,254,159909,159909,0
256,255,159911,159911,0
257,256,159886,159886,0
258,257,159893,159893,0
259,258,159886,159886,0
260,259,159879,159879,0
261,260,159903,159903,0
262,261,159910,159910,0
263,262,159901,159901,0
264,263,159893,159893,0
265,264,159898,159898,0
266,265,159884,159884,0
267,266,159866,159866,0
268,267,159908,159908,0
269,268,159908,159908,0
270,269,159885,159885,0
271,270,159908,159908,0
272,271,159901,159901,0
273,272,159859,159859,0
274,273,159886,159886,0
275,274,159907,159907,0
276,275,113091,113091,0
277,276,119385,119385,0
278,277,159880,159880,0
279,278,159904,159904,0
280,279,159911,159911,0
281,280,159894,159894,0
282,281,159913,159913,0
283,282,159912,159912,0
284,283,159880,159880,0
285,284,159889,159889,0
286,285,159892,159892,0
287,286,159889,159889,0
288,287,159912,159912,0.00569249
289,288,159912,159912,0.000496594
290,289,159889,159889,0.004009273
291,290,159910,159910,0.000110075
292,291,159889,159889,0
293,292,159864,159864,0
294,293,159905,159905,0.017810829
295,294,159912,159912,0
296,295,159895,159895,0
297,296,159902,159902,0
298,297,159912,159912,0
299,298,159888,159888,0
300,299,159869,159869,0
301,300,159897,159897,0
302,301,159909,159909,0.003368731
303,302,159887,159887,0
304,303,159910,159910,0
305,304,159910,159910,0
306,305,159876,159876,0
307,306,159884,159884,0.007542051
308,307,159888,159888,0.001615088
309,308,159887,159887,0.00430743
310,309,159908,159908,0
311,310,159910,159910,0
312,311,159887,159887,0
313,312,159900,159900,0
314,313,159886,159886,0
315,314,159874,159874,0
316,315,159894,159894,0
317,316,159909,159909,0
318,317,159908,159908,0
319,318,159884,159884,0
320,319,159906,159906,0
321,320,159884,159884,0
322,321,112153,112153,0
323,322,120306,120306,0
324,323,159914,159914,0
325,324,159901,159901,0
326,325,159867,159867,0
327,326,159895,159895,0
328,327,159914,159914,0
329,328,159895,159895,0
330,329,159909,159909,0
331,330,159912,159912,0
332,331,159900,159900,0
333,332,159876,159876,0
334,333,159889,159889,0.00767616
335,334,159905,159905,0.00586822
336,335,159890,159890,0
337,336,159912,159912,0.027569908
338,337,159912,159912,0
339,338,159887,159887,0
340,339,159895,159895,0.001740824
341,340,159888,159888,0.016125574
342,341,159872,159872,0
343,342,159911,159911,0
344,343,159910,159910,0
345,344,159887,159887,0
346,345,159911,159911,0
347,346,159900,159900,0
348,347,159867,159867,0
349,348,159885,159885,0
350,349,159910,159910,0
351,350,159900,159900,0
352,351,159895,159895,0.000772157
353,352,159912,159912,0.032191079
354,353,159904,159904,0.02076837
355,354,159862,159862,0.001980236
356,355,159885,159885,0
357,356,159906,159906,0
358,357,159886,159886,0
359,358,159908,159908,0
360,359,159909,159909,0
361,360,159884,159884,0
362,361,159884,159884,0
363,362,159884,159884,0
364,363,159878,159878,0
365,364,159908,159908,0
366,365,159908,159908,0
367,366,159895,159895,0
368,367,111231,111231,0
369,368,121216,121216,0
370,369,159914,159914,0
371,370,159913,159913,0
372,371,159889,159889,0
373,372,159909,159909,0
374,373,159890,159890,0
375,374,159865,159865,0
376,375,159908,159908,0
377,376,159913,159913,0
378,377,159890,159890,0
379,378,159912,159912,0
380,379,159912,159912,0
381,380,159871,159871,0
382,381,159889,159889,0
383,382,159897,159897,0
384,383,159895,159895,0
385,384,159905,159905,0.003437622
386,385,159912,159912,0.017474238
387,386,159902,159902,0
388,387,159886,159886,0.003795476
389,388,159888,159888,0
390,389,159888,159888,0
391,390,159888,159888,0
392,391,159910,159910,0
393,392,159910,159910,0.003346663
394,393,159886,159886,0.014107038
395,394,159907,159907,0.000731099
396,395,159886,159886,0.006018586
397,396,159861,159861,0.027424837
398,397,159906,159906,0
399,398,159908,159908,0.007548111
400,399,159885,159885,2.03E-05
401,400,159910,159910,0
402,401,159909,159909,0
403,402,159872,159872,0
404,403,159875,159875,0
405,404,159900,159900,0
406,405,159903,159903,0
407,406,159889,159889,0
408,407,159908,159908,0
409,408,159908,159908,0
410,409,159865,159865,0
411,410,159884,159884,0
412,411,159897,159897,0
413,412,159882,159882,0
414,413,110335,110335,0
415,414,122150,122150,0
416,415,159890,159890,0
417,416,159895,159895,0
418,417,159909,159909,0
419,418,159913,159913,0
420,419,159903,159903,0
421,420,159901,159901,0
422,421,159894,159894,0
423,422,159888,159888,0
424,423,159879,159879,0
425,424,159912,159912,0.000549661
426,425,159912,159912,0.019950287
427,426,159888,159888,0.096139763
428,427,159911,159911,0.050402388
429,428,159903,159903,0.009821245
430,429,159865,159865,0.00158663
431,430,159890,159890,0.056066752
432,431,159910,159910,0.156396354
433,432,159888,159888,0.014045024
434,433,159911,159911,0.142619324
435,434,159910,159910,0.155843467
436,435,159887,159887,0.015647284
437,436,159886,159886,0.12489676
438,437,159886,159886,0.045590209
439,438,159892,159892,0.007447196
440,439,159900,159900,0.007479253
441,440,159910,159910,0.008469915
442,441,159905,159905,0.032510812
443,442,159890,159890,0.025395737
444,443,159890,159890,0
445,444,159885,159885,0
446,445,159875,159875,0
447,446,159908,159908,4.29E-05
448,447,159909,159909,0
449,448,159885,159885,0.005917465
450,449,159908,159908,0.004651673
451,450,159893,159893,0
452,451,159860,159860,0
453,452,159895,159895,0
454,453,159908,159908,0
455,454,159889,159889,0
456,455,159902,159902,0
457,456,159908,159908,0
458,457,159885,159885,0
459,458,159867,159867,0
460,459,109411,109411,0
461,460,123092,123092,0
462,461,159914,159914,0
463,462,159869,159869,0.008648122
464,463,159890,159890,0
465,464,159901,159901,0
466,465,159890,159890,0
467,466,159912,159912,0.011024364
468,467,159912,159912,0.763565769
469,468,159889,159889,0.212782433
470,469,159901,159901,0.838755059
471,470,159889,159889,0.768761834
472,471,159874,159874,0.150609924
473,472,159906,159906,0.114971184
474,473,159911,159911,0.090441755
475,474,159903,159903,0.017482055
476,475,159896,159896,0.135717995
477,476,159909,159909,0.153705917
478,477,159887,159887,0.142995245
479,478,159864,159864,0.011779056
480,479,159905,159905,0.106702308
481,480,159910,159910,0.002551624
482,481,159888,159888,0.008398507
483,482,159909,159909,0.062595033
484,483,159910,159910,0.017145645
485,484,159867,159867,0.014461948
486,485,159886,159886,0.015075843
487,486,159897,159897,0.143594865
488,487,159887,159887,0.471417773
489,488,159910,159910,0.163933395
490,489,159908,159908,0
491,490,159891,159891,0.002503642
492,491,159891,159891,0.001094002
493,492,159885,159885,0.001409312
494,493,159883,159883,0.004851585
495,494,159893,159893,0.007799199
496,495,159909,159909,0.001228347
497,496,159908,159908,1.74E-05
498,497,159884,159884,0.002857019
499,498,159898,159898,0.007070877
500,499,159884,159884,0.001441385
501,500,159863,159863,0
502,501,159908,159908,0
503,502,159908,159908,0
504,503,159883,159883,0
505,504,159906,159906,0
506,505,108454,108454,0
507,506,124002,124002,0
508,507,159905,159905,0
509,508,159898,159898,0.008151914
510,509,159914,159914,0.001858708
511,510,159899,159899,0
512,511,159869,159869,0
513,512,159892,159892,0
514,513,159912,159912,0
515,514,159889,159889,0.058662851
516,515,159912,159912,0.291178074
517,516,159912,159912,0
518,517,159886,159886,0
519,518,159889,159889,0.136494884
520,519,159889,159889,0.206631511
521,520,159881,159881,0.066617833
522,521,159912,159912,0.152198296
523,522,159912,159912,0.201804204
524,523,159887,159887,0.160104387
525,524,159911,159911,0.320743857
526,525,159893,159893,0.172583854
527,526,159872,159872,0.00154642
528,527,159888,159888,0.108272059
529,528,159911,159911,0.388664884
530,529,159904,159904,0.09760081
531,530,159893,159893,0.104958726
532,531,159910,159910,0.104172224
533,532,159899,159899,0.193592997
534,533,159861,159861,0.121368785
535,534,159890,159890,0.044050247
536,535,159910,159910,0.012502233
537,536,159885,159885,0.199749827
538,537,159908,159908,0.058356495
539,538,159909,159909,0.003069786
540,539,159878,159878,0.007231459
541,540,159884,159884,0.007645023
542,541,159885,159885,0.005634375
543,542,159886,159886,0
544,543,159907,159907,0
545,544,159908,159908,0.014538836
546,545,159895,159895,0
547,546,159891,159891,0
548,547,159884,159884,0
549,548,159880,159880,0
550,549,159886,159886,0
551,550,159908,159908,0
552,551,107533,107533,0
553,552,124939,124939,0
554,553,159872,159872,0
555,554,159914,159914,0
556,555,159912,159912,0
557,556,159891,159891,0.010874483
558,557,159913,159913,0
559,558,159909,159909,0
560,559,159872,159872,0
561,560,159882,159882,0
562,561,159907,159907,0.009106635
563,562,159903,159903,0
564,563,159898,159898,0
565,564,159912,159912,0.071781536
566,565,159911,159911,0.156042231
567,566,159871,159871,0.031424648
568,567,159888,159888,0.183860675
569,568,159896,159896,0.20870556
570,569,159888,159888,0.251834957
571,570,159910,159910,0.10974449
572,571,159910,159910,0.280742263
573,572,159887,159887,0.270757044
574,573,159900,159900,0.251571762
575,574,159886,159886,1.192030265
576,575,159865,159865,0.368304929
577,576,159911,159911,0.106840499
578,577,159909,159909,0.085022741
579,578,159888,159888,0.112261069
580,579,159907,159907,0.035876968
581,580,159904,159904,7.53E-06
582,581,159873,159873,0.029432061
583,582,159874,159874,0.20163275
584,583,159907,159907,0.037805335
585,584,159907,159907,0
586,585,159887,159887,0.002968859
587,586,159908,159908,0.005348763
588,587,159907,159907,0
589,588,159860,159860,0
590,589,159884,159884,0
591,590,159904,159904,0.00396983
592,591,159884,159884,0.010919484
593,592,159908,159908,0
594,593,159908,159908,0
595,594,159882,159882,0
596,595,159883,159883,0
597,596,159884,159884,0
598,597,106617,106617,0
599,598,125898,125898,0
600,599,159885,159885,0.073709206
601,600,159890,159890,0.070205261
602,601,159891,159891,0
603,602,159885,159885,0
604,603,159912,159912,0.002272882
605,604,159913,159913,0
606,605,159889,159889,0
607,606,159912,159912,0
608,607,159894,159894,0.070469429
609,608,159865,159865,0.277277327
610,609,159899,159899,0.107572325
611,610,159912,159912,0.041324244
612,611,159887,159887,0.03772546
613,612,159912,159912,0.195287834
614,613,159911,159911,0.224835603
615,614,159885,159885,0.215988968
616,615,159880,159880,0.216534038
617,616,159890,159890,0.270906327
618,617,159903,159903,0.311593901
619,618,159894,159894,0.23390291
620,619,159910,159910,0.236403761
621,620,159910,159910,0.364343235
622,621,159882,159882,0.248659021
623,622,159886,159886,0.34941565
624,623,159885,159885,0.082719705
625,624,159882,159882,0.069937416
626,625,159910,159910,0.044310083
627,626,159910,159910,0
628,627,159885,159885,0
629,628,159908,159908,0.021849173
630,629,159887,159887,0.000454322
631,630,159859,159859,0
632,631,159902,159902,0.005387631
633,632,159909,159909,0.00227473
634,633,159891,159891,0
635,634,159901,159901,0
636,635,159908,159908,0.036850225
637,636,159880,159880,0.001160158
638,637,159866,159866,0.01837558
639,638,159898,159898,0
640,639,159908,159908,0
641,640,159883,159883,0
642,641,159908,159908,0
643,642,159905,159905,0
644,643,105663,105663,0
645,644,126787,126787,0
646,645,159912,159912,0.022033167
647,646,159914,159914,0.099163829
648,647,159896,159896,0.02905396
649,648,159886,159886,0
650,649,159890,159890,0.002826326
651,650,159892,159892,0
652,651,159897,159897,0
653,652,159912,159912,0
654,653,159910,159910,0
655,654,159889,159889,0.033597306
656,655,159901,159901,0.000373776
657,656,159888,159888,0.035364006
658,657,159865,159865,0.551633114
659,658,159911,159911,0.163361136
660,659,159910,159910,0.168828213
661,660,159888,159888,0.176867666
662,661,159910,159910,0.250326494
663,662,159907,159907,0.175797222
664,663,159863,159863,0.213279182
665,664,159887,159887,0.194336756
666,665,159905,159905,0.173893986
667,666,159887,159887,0.264887984
668,667,159909,159909,0.590818644
669,668,159909,159909,0.161438543
670,669,159895,159895,0.044605481
671,670,159879,159879,0.048006844
672,671,159885,159885,0.083144648
673,672,159893,159893,0.351014035
674,673,159891,159891,0.108923773
675,674,159908,159908,0.091464497
676,675,159908,159908,0.022251935
677,676,159885,159885,0.190870895
678,677,159891,159891,0.092073975
679,678,159884,159884,0.160119346
680,679,159871,159871,0.005546149
681,680,159908,159908,0
682,681,159908,159908,0.005067145
683,682,159884,159884,0.022688519
684,683,159908,159908,0.01691017
685,684,159893,159893,0
686,685,159859,159859,0
687,686,159891,159891,0
688,687,159908,159908,0
689,688,159895,159895,0
690,689,104765,104765,0
691,690,127708,127708,0
692,691,159903,159903,0.012400055
693,692,159912,159912,0.004975413
694,693,159891,159891,0.00199222
695,694,159912,159912,0
696,695,159912,159912,0.001512147
697,696,159878,159878,0
698,697,159889,159889,0
699,698,159891,159891,0
700,699,159889,159889,0
701,700,159911,159911,0
702,701,159912,159912,0
703,702,159895,159895,0.155899137
704,703,159902,159902,0.506223378
705,704,159889,159889,0.172732338
706,705,159877,159877,0.191016344
707,706,159891,159891,0.17779295
708,707,159911,159911,0.430375266
709,708,159910,159910,0.197320645
710,709,159887,159887,0.175644344
711,710,159910,159910,0.156535235
712,711,159891,159891,0.122566133
713,712,159862,159862,0.210069015
714,713,159899,159899,0.179054885
715,714,159910,159910,0.350989584
716,715,159886,159886,0.011006388
717,716,159908,159908,0.012170343
718,717,159909,159909,0.066669521
719,718,159871,159871,0.383705446
720,719,159885,159885,0.125782973
721,720,159893,159893,0.187409802
722,721,159888,159888,0.231762856
723,722,159906,159906,0.272408799
724,723,159908,159908,0.059242445
725,724,159896,159896,0.044276521
726,725,159884,159884,0.000194108
727,726,159884,159884,0.001547243
728,727,159886,159886,0.002349059
729,728,159886,159886,0.007407562
730,729,159906,159906,0.00499887
731,730,159908,159908,0
732,731,159884,159884,0
733,732,159898,159898,0
734,733,159881,159881,0
735,734,159863,159863,0
736,735,103869,103869,0
737,736,128662,128662,0
738,737,159901,159901,0.015903749
739,738,159882,159882,0.001538909
740,739,159876,159876,0.011334004
741,740,159912,159912,0
742,741,159913,159913,0
743,742,159889,159889,0
744,743,159912,159912,0.007495415
745,744,159910,159910,0
746,745,159864,159864,0
747,746,159889,159889,0.230378624
748,747,159905,159905,0.224067367
749,748,159888,159888,0.019439147
750,749,159911,159911,0.177768093
751,750,159910,159910,0.305679753
752,751,159888,159888,0.196385554
753,752,159894,159894,0.160263192
754,753,159886,159886,0.247885345
755,754,159874,159874,0.09087695
756,755,159910,159910,0.111062634
757,756,159910,159910,0.123427339
758,757,159893,159893,0.094617357
759,758,159903,159903,0.193847949
760,759,159897,159897,0.480485303
761,760,159877,159877,0.417945798
762,761,159876,159876,0.001668377
763,762,159910,159910,0.000383441
764,763,159908,159908,0.007224602
765,764,159885,159885,0.026192629
766,765,159909,159909,0.080800504
767,766,159900,159900,0.111191315
768,767,159859,159859,0.088783032
769,768,159887,159887,0.219114033
770,769,159908,159908,0.008830855
771,770,159884,159884,0.005002949
772,771,159908,159908,0.001867359
773,772,159907,159907,0.015555233
774,773,159878,159878,0.019999382
775,774,159884,159884,0.010624287
776,775,159884,159884,0.001205321
777,776,159890,159890,0
778,777,159899,159899,0
779,778,159907,159907,0
780,779,159901,159901,0
781,780,159884,159884,0
782,781,102910,102910,0
783,782,129573,129573,0
784,783,159914,159914,0.009147411
785,784,159890,159890,0.15268008
786,785,159909,159909,0.00972842
787,786,159890,159890,0
788,787,159865,159865,0
789,788,159907,159907,0
790,789,159912,159912,0.004304576
791,790,159896,159896,5.05E-05
792,791,159904,159904,0.065637658
793,792,159912,159912,0.16194718
794,793,159885,159885,0.425220475
795,794,159872,159872,0.23226076
796,795,159899,159899,0.093220811
797,796,159909,159909,0.401463209
798,797,159888,159888,0.199272623
799,798,159911,159911,0.193880128
800,799,159910,159910,0.234031495
801,800,159875,159875,0.178702161
802,801,159886,159886,0.167589307
803,802,159890,159890,0.279033941
804,803,159887,159887,0.281791154
805,804,159908,159908,0.129684346
806,805,159909,159909,0.125404273
807,806,159887,159887,0.070778637
808,807,159902,159902,0.041246224
809,808,159885,159885,0.00176236
810,809,159862,159862,0
811,810,159907,159907,0.001809991
812,811,159909,159909,0.010917808
813,812,159894,159894,0.032577945
814,813,159899,159899,0.005538305
815,814,159907,159907,0.035963639
816,815,159878,159878,0.054659212
817,816,159864,159864,0.118193547
818,817,159904,159904,0
819,818,159908,159908,0.00054663
820,819,159884,159884,0.005573671
821,820,159907,159907,0.002208723
822,821,159907,159907,0
823,822,159857,159857,0
824,823,159884,159884,0
825,824,159901,159901,0
826,825,159882,159882,0
827,826,159907,159907,0
828,827,101997,101997,0
829,828,130489,130489,0
830,829,159908,159908,0
831,830,159889,159889,0.142799072
832,831,159912,159912,0.00478418
833,832,159913,159913,0.002621069
834,833,159889,159889,0
835,834,159894,159894,0
836,835,159888,159888,0
837,836,159874,159874,0.021480796
838,837,159912,159912,0.109696212
839,838,159910,159910,0.159670402
840,839,159889,159889,0.172096656
841,840,159911,159911,0.173100314
842,841,159900,159900,0.251999013
843,842,159864,159864,0.435976941
844,843,159889,159889,0.214300521
845,844,159911,159911,0.196301329
846,845,159893,159893,0.222285637
847,846,159904,159904,0.193189492
848,847,159910,159910,0.133875263
849,848,159897,159897,0.28659461
850,849,159870,159870,0.230713753
851,850,159886,159886,0.177322515
852,851,159906,159906,0.226846695
853,852,159885,159885,0.092957894
854,853,159910,159910,0.103294722
855,854,159910,159910,0.112654739
856,855,159884,159884,0.176456404
857,856,159886,159886,0.154453773
858,857,159884,159884,0.098403694
859,858,159877,159877,0.043599771
860,859,159908,159908,0.003016068
861,860,159908,159908,0
862,861,159884,159884,0.154910554
863,862,159908,159908,0.065161855
864,863,159887,159887,0.02239309
865,864,159862,159862,0.007597988
866,865,159895,159895,0.020494583
867,866,159907,159907,0
868,867,159896,159896,0
869,868,159895,159895,0
870,869,159906,159906,0
871,870,159886,159886,0
872,871,159860,159860,0
873,872,159896,159896,0
874,873,101071,101071,0
875,874,131451,131451,0
876,875,159873,159873,0.162067866
877,876,159887,159887,0.082673468
878,877,159900,159900,0.047961447
879,878,159898,159898,0
880,879,159903,159903,0
881,880,159911,159911,0
882,881,159904,159904,0
883,882,159887,159887,0.087119961
884,883,159887,159887,0.16443733
885,884,159890,159890,0.197607037
886,885,159887,159887,0.219768876
887,886,159912,159912,0.237016688
888,887,159910,159910,0.195057245
889,888,159886,159886,0.170892404
890,889,159910,159910,0.095547032
891,890,159886,159886,0.193055587
892,891,159862,159862,0.209858778
893,892,159905,159905,0.2092119
894,893,159910,159910,0.165168783
895,894,159887,159887,0.149354862
896,895,159909,159909,0.170855387
897,896,159910,159910,0.138739502
898,897,159865,159865,0.245571051
899,898,159885,159885,0.263340343
900,899,159899,159899,0.094406188
901,900,159891,159891,0.210737582
902,901,159903,159903,0.212561172
903,902,159908,159908,0.120736431
904,903,159899,159899,0.200929976
905,904,159875,159875,0.051385752
906,905,159886,159886,0.004877033
907,906,159895,159895,0.003628034
908,907,159884,159884,0.018637165
909,908,159907,159907,0.011988552
910,909,159908,159908,0.014063199
911,910,159884,159884,0
912,911,159892,159892,0.013897908
913,912,159883,159883,0
914,913,159867,159867,0
915,914,159907,159907,0
916,915,159907,159907,0
917,916,159883,159883,0
918,917,159906,159906,0
919,918,159893,159893,0
920,919,100117,100117,0
921,920,132362,132362,0
922,921,159890,159890,0.109274224
923,922,159912,159912,0.150867596
924,923,159903,159903,0.071500975
925,924,159865,159865,0.221242717
926,925,159890,159890,0.097173288
927,926,159912,159912,0.110357766
928,927,159889,159889,0.104896843
929,928,159912,159912,0.217980118
930,929,159911,159911,0.263665724
931,930,159885,159885,0.194296108
932,931,159889,159889,0.247698217
933,932,159887,159887,0.143935423
934,933,159888,159888,0.1212662
935,934,159904,159904,0.020732141
936,935,159910,159910,0.045218329
937,936,159900,159900,0.222047211
938,937,159897,159897,0.222316926
939,938,159891,159891,0.214625734
940,939,159884,159884,0.181798171
941,940,159875,159875,0.216786042
942,941,159908,159908,0.190124035
943,942,159909,159909,0.118681172
944,943,159885,159885,0.204557094
945,944,159908,159908,0.308969964
946,945,159895,159895,0.060718829
947,946,159861,159861,0.185929927
948,947,159892,159892,0.277804237
949,948,159909,159909,0.317834446
950,949,159885,159885,0.081647995
951,950,159908,159908,0
952,951,159908,159908,0.003403863
953,952,159872,159872,0
954,953,159884,159884,0
955,954,159889,159889,0
956,955,159892,159892,0
957,956,159898,159898,0
958,957,159907,159907,0
959,958,159902,159902,0
960,959,159879,159879,0.000395772
961,960,159882,159882,0
962,961,159887,159887,0
963,962,159881,159881,0
964,963,159907,159907,0
965,964,159906,159906,0
966,965,99193,99193,0
967,966,133281,133281,0
968,967,159902,159902,0.122231634
969,968,159912,159912,0.600734942
970,969,159906,159906,0.817576783
971,970,159895,159895,0.316092967
972,971,159911,159911,0.356224009
973,972,159888,159888,0.22612743
974,973,159863,159863,0.473501468
975,974,159904,159904,0.263090148
976,975,159912,159912,0.182420941
977,976,159887,159887,0.312784175
978,977,159910,159910,0.178685787
979,978,159911,159911,0.18430493
980,979,159869,159869,0.262729437
981,980,159887,159887,0.212177291
982,981,159896,159896,0.210905194
983,982,159887,159887,0.251209383
984,983,159910,159910,0.374299876
985,984,159910,159910,0.231778738
986,985,159886,159886,0.150207647
987,986,159898,159898,0.187386797
988,987,159885,159885,0.174733418
989,988,159873,159873,0.228923593
990,989,159904,159904,0.325195434
991,990,159910,159910,0.296117895
992,991,159897,159897,0.080448995
993,992,159896,159896,0.219683549
994,993,159900,159900,0.218178924
995,994,159881,159881,0.201020934
996,995,159864,159864,0.049210085
997,996,159908,159908,0.001605239
998,997,159907,159907,0.008874144
999,998,159884,159884,0
1000,999,159908,159908,0
1001,1000,159903,159903,0
1002,1001,159857,159857,0
1003,1002,159884,159884,0
1004,1003,159907,159907,0
1005,1004,159882,159882,0
1006,1005,159908,159908,0
1007,1006,159907,159907,0
1008,1007,159880,159880,0
1009,1008,159880,159880,0
1010,1009,159881,159881,0
1011,1010,159894,159894,0
1012,1011,98296,98296,0
1013,1012,134234,134234,0
1014,1013,159890,159890,0.115218759
1015,1014,159889,159889,0.575614493
1016,1015,159882,159882,0.322088659
1017,1016,159912,159912,0.005672972
1018,1017,159911,159911,0
1019,1018,159889,159889,0
1020,1019,159911,159911,0.014353885
1021,1020,159896,159896,0.058190801
1022,1021,159870,159870,0.053789249
1023,1022,159889,159889,0.171352371
1024,1023,159910,159910,0.166058903
1025,1024,159901,159901,0.214770045
1026,1025,159897,159897,0.461235501
1027,1026,159911,159911,0.33465516
1028,1027,159898,159898,0.11086933
1029,1028,159864,159864,0.223969987
1030,1029,159888,159888,0.185640003
1031,1030,159909,159909,0.216511288
1032,1031,159886,159886,0.167529155
1033,1032,159910,159910,0.079865348
1034,1033,159909,159909,0.125391546
1035,1034,159880,159880,0.274647367
1036,1035,159884,159884,0.163621023
1037,1036,159885,159885,0.178729211
1038,1037,159882,159882,0.054139223
1039,1038,159908,159908,0.247836374
1040,1039,159909,159909,0.168781024
1041,1040,159885,159885,0.399489626
1042,1041,159906,159906,0.174305442
1043,1042,159884,159884,0
1044,1043,159865,159865,0
1045,1044,159898,159898,0
1046,1045,159906,159906,0
1047,1046,159898,159898,0
1048,1047,159893,159893,0
1049,1048,159908,159908,0.030710388
1050,1049,159881,159881,0.23347543
1051,1050,159858,159858,0
1052,1051,159901,159901,0
1053,1052,159907,159907,0
1054,1053,159883,159883,0
1055,1054,159905,159905,0
1056,1055,159907,159907,0
1057,1056,159858,159858,0
1058,1057,97369,97369,0
1059,1058,135149,135149,0
1060,1059,159912,159912,0.009975713
1061,1060,159912,159912,0.093653472
1062,1061,159872,159872,0
1063,1062,159888,159888,0.000328737
1064,1063,159896,159896,0
1065,1064,159889,159889,0
1066,1065,159911,159911,4.25E-05
1067,1066,159911,159911,0.000293036
1068,1067,159887,159887,0
1069,1068,159902,159902,0.000318527
1070,1069,159888,159888,0.128412369
1071,1070,159864,159864,0.679572764
1072,1071,159910,159910,0.771546144
1073,1072,159909,159909,0.481642447
1074,1073,159887,159887,0.112472471
1075,1074,159910,159910,0.142136969
1076,1075,159908,159908,0.739715181
1077,1076,159866,159866,0.198776047
1078,1077,159881,159881,0.157592597
1079,1078,159905,159905,0.098346422
1080,1079,159897,159897,0.148143274
1081,1080,159897,159897,0.194183265
1082,1081,159910,159910,0.175695368
1083,1082,159905,159905,0.152763908
1084,1083,159867,159867,0.108857493
1085,1084,159885,159885,0.05371949
1086,1085,159902,159902,0.108452924
1087,1086,159884,159884,0.158543119
1088,1087,159908,159908,0.084883352
1089,1088,159908,159908,0.004650129
1090,1089,159883,159883,0
1091,1090,159888,159888,0
1092,1091,159884,159884,0
1093,1092,159872,159872,0
1094,1093,159908,159908,0
1095,1094,159906,159906,0.034420421
1096,1095,159882,159882,0.086805354
1097,1096,159908,159908,0
1098,1097,159887,159887,0
1099,1098,159865,159865,0
1100,1099,159888,159888,0
1101,1100,159907,159907,0
1102,1101,159899,159899,0
1103,1102,159888,159888,0
1104,1103,96437,96437,0
1105,1104,136059,136059,0
1106,1105,159912,159912,0.008272618
1107,1106,159892,159892,0
1108,1107,159909,159909,0
1109,1108,159911,159911,0
1110,1109,159890,159890,0
1111,1110,159878,159878,0
1112,1111,159889,159889,6.92E-05
1113,1112,159902,159902,4.38E-05
1114,1113,159895,159895,5.49E-05
1115,1114,159911,159911,0
1116,1115,159909,159909,0.017857183
1117,1116,159888,159888,0.299203006
1118,1117,159887,159887,0.3770523
1119,1118,159887,159887,0.848619935
1120,1119,159879,159879,0.829391574
1121,1120,159910,159910,0.303463639
1122,1121,159908,159908,0.066168304
1123,1122,159887,159887,0.195453701
1124,1123,159909,159909,0.209306765
1125,1124,159889,159889,0.157544537
1126,1125,159862,159862,0.176195563
1127,1126,159897,159897,0.146542259
1128,1127,159909,159909,0.151976312
1129,1128,159884,159884,0.065910414
1130,1129,159908,159908,0.040073002
1131,1130,159908,159908,0
1132,1131,159871,159871,0.006515884
1133,1132,159880,159880,0.004005389
1134,1133,159894,159894,0.002747833
1135,1134,159896,159896,0
1136,1135,159896,159896,0
1137,1136,159907,159907,0.047827739
1138,1137,159903,159903,0.164459784
1139,1138,159873,159873,0.480511687
1140,1139,159883,159883,0.439052185
1141,1140,159891,159891,0.490471967
1142,1141,159883,159883,0.215146973
1143,1142,159906,159906,0
1144,1143,159907,159907,0
1145,1144,159883,159883,0
1146,1145,159892,159892,0
1147,1146,159882,159882,0
1148,1147,159865,159865,0
1149,1148,159907,159907,0
1150,1149,95526,95526,0
1151,1150,137018,137018,0
1152,1151,159889,159889,0.055339308
1153,1152,159864,159864,0.06548621
1154,1153,159911,159911,0.007440463
1155,1154,159912,159912,0
1156,1155,159888,159888,0
1157,1156,159910,159910,0.06695149
1158,1157,159911,159911,0.119520653
1159,1158,159864,159864,0.085379091
1160,1159,159889,159889,0.031812072
1161,1160,159902,159902,0
1162,1161,159886,159886,0
1163,1162,159911,159911,0.003117575
1164,1163,159910,159910,0.042414655
1165,1164,159890,159890,0
1166,1165,159887,159887,0
1167,1166,159887,159887,0.03573458
1168,1167,159883,159883,0.011992773
1169,1168,159898,159898,0.15541876
1170,1169,159909,159909,0.17525189
1171,1170,159905,159905,0.18610223
1172,1171,159889,159889,0.212296183
1173,1172,159897,159897,0.135399399
1174,1173,159885,159885,0.152263311
1175,1174,159865,159865,0.007860788
1176,1175,159908,159908,0
1177,1176,159908,159908,0
1178,1177,159884,159884,0
1179,1178,159908,159908,0
1180,1179,159898,159898,0
1181,1180,159859,159859,0
1182,1181,159888,159888,0.008506872
1183,1182,159908,159908,0.123688792
1184,1183,159881,159881,0.135650377
1185,1184,159908,159908,0.080755355
1186,1185,159907,159907,0.008892133
1187,1186,159879,159879,0.060801057
1188,1187,159877,159877,0.025247062
1189,1188,159886,159886,0
1190,1189,159895,159895,0
1191,1190,159893,159893,0
1192,1191,159906,159906,0
1193,1192,159904,159904,0
1194,1193,159874,159874,0
1195,1194,159881,159881,0
1196,1195,94597,94597,0
1197,1196,137939,137939,0
1198,1197,159900,159900,0.077286436
1199,1198,159900,159900,0.188581768
1200,1199,159890,159890,0.005735827
1201,1200,159881,159881,0.030935345
1202,1201,159885,159885,0.007658079
1203,1202,159912,159912,0.059582019
1204,1203,159911,159911,0.212340357
1205,1204,159887,159887,0.243267535
1206,1205,159911,159911,0.099214716
1207,1206,159896,159896,0.028767136
1208,1207,159863,159863,0.013527057
1209,1208,159893,159893,0
1210,1209,159911,159911,0.000480063
1211,1210,159886,159886,0
1212,1211,159911,159911,0.005088687
1213,1212,159910,159910,0
1214,1213,159877,159877,0.396275767
1215,1214,159884,159884,0.130651035
1216,1215,159889,159889,0.439426401
1217,1216,159884,159884,0.203196691
1218,1217,159910,159910,0.235112296
1219,1218,159908,159908,0.141989942
1220,1219,159887,159887,0.021382964
1221,1220,159900,159900,0.000448312
1222,1221,159884,159884,0
1223,1222,159869,159869,0
1224,1223,159898,159898,0
1225,1224,159908,159908,0
1226,1225,159902,159902,0.035480056
1227,1226,159890,159890,0.083967895
1228,1227,159904,159904,0.469419458
1229,1228,159883,159883,0.418320575
1230,1229,159859,159859,0.160523143
1231,1230,159905,159905,0.003933315
1232,1231,159906,159906,0.001505966
1233,1232,159882,159882,0
1234,1233,159907,159907,0.013621704
1235,1234,159904,159904,0
1236,1235,159856,159856,0
1237,1236,159881,159881,0
1238,1237,159905,159905,0
1239,1238,159881,159881,0
1240,1239,159907,159907,0
1241,1240,159905,159905,0
1242,1241,93631,93631,0
1243,1242,138848,138848,0
1244,1243,159889,159889,0.08416684
1245,1244,159912,159912,0.060026124
1246,1245,159911,159911,0.09155286
1247,1246,159889,159889,0.135091268
1248,1247,159897,159897,0.129066881
1249,1248,159888,159888,0.109327148
1250,1249,159868,159868,0.248576699
1251,1250,159912,159912,0.12065004
1252,1251,159910,159910,0.191982345
1253,1252,159892,159892,0.159092415
1254,1253,159905,159905,0.042186141
1255,1254,159902,159902,0
1256,1255,159875,159875,0.459465626
1257,1256,159873,159873,6.97E-05
1258,1257,159909,159909,0
1259,1258,159904,159904,0.276399097
1260,1259,159891,159891,0.479248237
1261,1260,159910,159910,0.602916409
1262,1261,159906,159906,0.077511771
1263,1262,159861,159861,0.188205332
1264,1263,159884,159884,0.005213559
1265,1264,159904,159904,0.03196499
1266,1265,159884,159884,0.049860956
1267,1266,159910,159910,0.000552007
1268,1267,159908,159908,0
1269,1268,159884,159884,7.70E-05
1270,1269,159884,159884,0.029199307
1271,1270,159882,159882,0.074552233
1272,1271,159875,159875,0.151011864
1273,1272,159907,159907,0.026051562
1274,1273,159907,159907,0.232621859
1275,1274,159883,159883,0.2109228
1276,1275,159906,159906,0.022191313
1277,1276,159884,159884,0
1278,1277,159869,159869,1.63E-05
1279,1278,159889,159889,0
1280,1279,159906,159906,0
1281,1280,159900,159900,0
1282,1281,159889,159889,0
1283,1282,159906,159906,0
1284,1283,159884,159884,0
1285,1284,159856,159856,0
1286,1285,159899,159899,0
1287,1286,159905,159905,0
1288,1287,92722,92722,0
1289,1288,139799,139799,0
1290,1289,159868,159868,0.032120996
1291,1290,159893,159893,0.176880145
1292,1291,159911,159911,0.289262347
1293,1292,159888,159888,0.147004783
1294,1293,159910,159910,0.193070492
1295,1294,159911,159911,0.054264032
1296,1295,159882,159882,0.281318715
1297,1296,159886,159886,0.173319253
1298,1297,159888,159888,0.33135589
1299,1298,159884,159884,0.135610269
1300,1299,159909,159909,0.264579251
1301,1300,159911,159911,0.145394219
1302,1301,159885,159885,0.01359815
1303,1302,159910,159910,0.000123166
1304,1303,159886,159886,0.061099715
1305,1304,159861,159861,0.427007353
1306,1305,159902,159902,0.572321867
1307,1306,159908,159908,0.915128219
1308,1307,159887,159887,0.7736829
1309,1308,159907,159907,0.047373613
1310,1309,159909,159909,0.259962298
1311,1310,159873,159873,0.1412509
1312,1311,159876,159876,0.178119409
1313,1312,159897,159897,0.120578519
1314,1313,159900,159900,0.814893601
1315,1314,159892,159892,0.349791227
1316,1315,159908,159908,0.31005913
1317,1316,159906,159906,0.045713711
1318,1317,159867,159867,0.140113751
1319,1318,159884,159884,0.108574324
1320,1319,159895,159895,0.091257631
1321,1320,159883,159883,0.071983806
1322,1321,159908,159908,0.000339201
1323,1322,159906,159906,0
1324,1323,159881,159881,0
1325,1324,159890,159890,0
1326,1325,159883,159883,0
1327,1326,159868,159868,0
1328,1327,159907,159907,0
1329,1328,159906,159906,0
1330,1329,159883,159883,0
1331,1330,159904,159904,0
1332,1331,159888,159888,0
1333,1332,159867,159867,0
1334,1333,91815,91815,0
1335,1334,140723,140723,0
1336,1335,159912,159912,0.002098764
1337,1336,159907,159907,0.249245981
1338,1337,159866,159866,0.260590423
1339,1338,159885,159885,0.366422935
1340,1339,159908,159908,0.275734498
1341,1340,159895,159895,0.348053298
1342,1341,159902,159902,0.667327154
1343,1342,159911,159911,0.615987138
1344,1343,159900,159900,1.121349695
1345,1344,159875,159875,1.465523547
1346,1345,159887,159887,0.623550106
1347,1346,159895,159895,0.470655844
1348,1347,159892,159892,0.450504171
1349,1348,159908,159908,1.415438434
1350,1349,159910,159910,1.753088155
1351,1350,159886,159886,3.104240613
1352,1351,159891,159891,6.261486216
1353,1352,159886,159886,3.387025803
1354,1353,159871,159871,0.924174915
1355,1354,159908,159908,0.498451294
1356,1355,159908,159908,0.714793015
1357,1356,159884,159884,0.1564428
1358,1357,159908,159908,0.114422891
1359,1358,159895,159895,0.301850774
1360,1359,159859,159859,0.337286908
1361,1360,159891,159891,0.324031537
1362,1361,159907,159907,0.083473908
1363,1362,159884,159884,0.520306395
1364,1363,159907,159907,2.540968318
1365,1364,159908,159908,0.121413495
1366,1365,159878,159878,0.111502276
1367,1366,159873,159873,0.08701499
1368,1367,159888,159888,0.073748255
1369,1368,159898,159898,0.026468071
1370,1369,159892,159892,0.004108007
1371,1370,159906,159906,0.012830696
1372,1371,159906,159906,0.021005438
1373,1372,159870,159870,0
1374,1373,159881,159881,0
1375,1374,159888,159888,0
1376,1375,159881,159881,0
1377,1376,159906,159906,0
1378,1377,159905,159905,0
1379,1378,159881,159881,0
1380,1379,90873,90873,0
1381,1380,141636,141636,0
1382,1381,159911,159911,0.075454934
1383,1382,159912,159912,0.235642132
1384,1383,159889,159889,0.21619704
1385,1384,159910,159910,0.194647369
1386,1385,159892,159892,0.277423231
1387,1386,159863,159863,0.298912594
1388,1387,159898,159898,0.354647611
1389,1388,159911,159911,0.353532325
1390,1389,159886,159886,0.464155807
1391,1390,159912,159912,0.352300387
1392,1391,159909,159909,0.510102687
1393,1392,159873,159873,0.235763252
1394,1393,159885,159885,0.166473673
1395,1394,159893,159893,0.589283427
1396,1395,159888,159888,1.745087722
1397,1396,159906,159906,4.335361987
1398,1397,159910,159910,5.948754232
1399,1398,159893,159893,3.517323898
1400,1399,159891,159891,1.047262919
1401,1400,159884,159884,1.308998844
1402,1401,159878,159878,0.537600819
1403,1402,159894,159894,0.189605217
1404,1403,159908,159908,0.120248157
1405,1404,159906,159906,0.098362143
1406,1405,159886,159886,0.469362904
1407,1406,159900,159900,0.236178176
1408,1407,159884,159884,0.015707795
1409,1408,159860,159860,0.081350392
1410,1409,159906,159906,0.261678217
1411,1410,159907,159907,0.24316532
1412,1411,159884,159884,0.02056302
1413,1412,159907,159907,0.168580772
1414,1413,159901,159901,0.116634655
1415,1414,159859,159859,0.055956244
1416,1415,159882,159882,4.15E-05
1417,1416,159906,159906,0.006457012
1418,1417,159881,159881,0.017462495
1419,1418,159906,159906,0
1420,1419,159907,159907,0
1421,1420,159881,159881,0
1422,1421,159874,159874,0
1423,1422,159883,159883,0
1424,1423,159897,159897,0
1425,1424,159889,159889,0
1426,1425,89964,89964,0
1427,1426,142584,142584,0.014959708
1428,1427,159888,159888,0.115862682
1429,1428,159886,159886,0.133376385
1430,1429,159901,159901,0.132999488
1431,1430,159911,159911,0.113225333
1432,1431,159901,159901,0.241721698
1433,1432,159896,159896,0.58937635
1434,1433,159900,159900,0.250795429
1435,1434,159882,159882,0.20206347
1436,1435,159870,159870,0.265255092
1437,1436,159908,159908,0.228756201
1438,1437,159911,159911,0.387645856
1439,1438,159885,159885,0.206073878
1440,1439,159910,159910,0.046224574
1441,1440,159903,159903,0.420746793
1442,1441,159860,159860,0.341993
1443,1442,159885,159885,0.533932701
1444,1443,159909,159909,1.605243562
1445,1444,159884,159884,3.003304561
1446,1445,159908,159908,0.342779972
1447,1446,159909,159909,1.002643151
1448,1447,159882,159882,0.92088007
1449,1448,159884,159884,1.080866482
1450,1449,159884,159884,0.428305739
1451,1450,159880,159880,0.310768121
1452,1451,159908,159908,0.212122127
1453,1452,159907,159907,0.36113858
1454,1453,159889,159889,0.416289133
1455,1454,159900,159900,0.309400603
1456,1455,159884,159884,0.37596734
1457,1456,159870,159870,0.292346643
1458,1457,159890,159890,0.253861808
1459,1458,159906,159906,0.781585569
1460,1459,159902,159902,1.250160014
1461,1460,159886,159886,0.040352511
1462,1461,159905,159905,0.017076771
1463,1462,159882,159882,0.011130631
1464,1463,159856,159856,0.001911744
1465,1464,159902,159902,0
1466,1465,159905,159905,0
1467,1466,159882,159882,0
1468,1467,159906,159906,0
1469,1468,159902,159902,0
1470,1469,159855,159855,0
1471,1470,159880,159880,0
1472,1471,89053,89053,0
1473,1472,143516,143516,0
1474,1473,159911,159911,0.092002218
1475,1474,159877,159877,0.21068774
1476,1475,159888,159888,0.087889015
1477,1476,159888,159888,0.003944983
1478,1477,159889,159889,0.107794309
1479,1478,159910,159910,0.285835727
1480,1479,159909,159909,0.325132703
1481,1480,159889,159889,0.288661442
1482,1481,159904,159904,0.300852401
1483,1482,159888,159888,0.353799207
1484,1483,159864,159864,0.295854248
1485,1484,159903,159903,0.24987114
1486,1485,159909,159909,0.137281511
1487,1486,159894,159894,0.214923142
1488,1487,159900,159900,0.228107406
1489,1488,159910,159910,0.357924805
1490,1489,159876,159876,0.566782822
1491,1490,159870,159870,0.321825555
1492,1491,159900,159900,0.085402804
1493,1492,159906,159906,0.437656451
1494,1493,159886,159886,0.109485813
1495,1494,159908,159908,0.347546578
1496,1495,159908,159908,0.548831167
1497,1496,159863,159863,0.170639991
1498,1497,159884,159884,0.263210633
1499,1498,159897,159897,0.658791111
1500,1499,159883,159883,0.236627979
1501,1500,159908,159908,0.26062009
1502,1501,159906,159906,0.275549143
1503,1502,159883,159883,0.231055499
1504,1503,159887,159887,0.250249574
1505,1504,159882,159882,0.807661415
1506,1505,159871,159871,0.551291445
1507,1506,159907,159907,0.111411953
1508,1507,159906,159906,0.016035906
1509,1508,159885,159885,0.021571851
1510,1509,159902,159902,0.102047709
1511,1510,159886,159886,0
1512,1511,159868,159868,0
1513,1512,159884,159884,0
1514,1513,159905,159905,0
1515,1514,159902,159902,0
1516,1515,159885,159885,0
1517,1516,159905,159905,0
1518,1517,88090,88090,0
1519,1518,144428,144428,0
1520,1519,159908,159908,0.084148437
1521,1520,159892,159892,0.267162247
1522,1521,159908,159908,0.133144077
1523,1522,159910,159910,0
1524,1523,159865,159865,0.162115624
1525,1524,159886,159886,0.33678502
1526,1525,159904,159904,0.352296723
1527,1526,159885,159885,0.358351679
1528,1527,159912,159912,0.426596177
1529,1528,159909,159909,0.3796456
1530,1529,159887,159887,0.37524845
1531,1530,159889,159889,0.72267984
1532,1531,159885,159885,0.37733927
1533,1532,159874,159874,0.246429321
1534,1533,159908,159908,0.218103879
1535,1534,159909,159909,0.279905153
1536,1535,159885,159885,0.482308614
1537,1536,159908,159908,3.154794592
1538,1537,159892,159892,0.771380758
1539,1538,159860,159860,0.165941929
1540,1539,159893,159893,0.26379977
1541,1540,159908,159908,0.225170837
1542,1541,159888,159888,0.067085094
1543,1542,159903,159903,0.127419994
1544,1543,159907,159907,0.050394139
1545,1544,159880,159880,0.352120205
1546,1545,159872,159872,0.364558533
1547,1546,159890,159890,0.284171114
1548,1547,159902,159902,0.20799046
1549,1548,159888,159888,0.224221068
1550,1549,159906,159906,0.212747926
1551,1550,159907,159907,0.043807834
1552,1551,159869,159869,0.0839649
1553,1552,159881,159881,0.047229465
1554,1553,159890,159890,0.049870654
1555,1554,159882,159882,0.223518578
1556,1555,159906,159906,0.141610945
1557,1556,159906,159906,0
1558,1557,159880,159880,0
1559,1558,159889,159889,0
1560,1559,159882,159882,0
1561,1560,159866,159866,0
1562,1561,159904,159904,0
1563,1562,159906,159906,0
1564,1563,87170,87170,0
1565,1564,145373,145373,0
1566,1565,159865,159865,0.111612977
1567,1566,159903,159903,0.268574323
1568,1567,159910,159910,0.183540604
1569,1568,159888,159888,0.000371687
1570,1569,159908,159908,0.075374509
1571,1570,159909,159909,0.321945371
1572,1571,159877,159877,0.294268844
1573,1572,159880,159880,0.313350807
1574,1573,159895,159895,0.328645937
1575,1574,159896,159896,0.405856738
1576,1575,159898,159898,0.931070307
1577,1576,159910,159910,0.52611166
1578,1577,159902,159902,0.368240311
1579,1578,159880,159880,0.354100513
1580,1579,159885,159885,0.209308055
1581,1580,159888,159888,0.30627509
1582,1581,159886,159886,0.389344602
1583,1582,159908,159908,0.278633244
1584,1583,159909,159909,0.708988255
1585,1584,159884,159884,0.010297888
1586,1585,159899,159899,0.999636165
1587,1586,159883,159883,0.367434478
1588,1587,159861,159861,0.362423673
1589,1588,159908,159908,0.197867834
1590,1589,159908,159908,0.235360039
1591,1590,159883,159883,0.153453882
1592,1591,159906,159906,0.311592641
1593,1592,159900,159900,0.356099601
1594,1593,159856,159856,0.226761244
1595,1594,159885,159885,0.194432556
1596,1595,159907,159907,0.210339691
1597,1596,159883,159883,0.219871797
1598,1597,159905,159905,0.187840267
1599,1598,159906,159906,0.210039172
1600,1599,159882,159882,0.088545447
1601,1600,159871,159871,0.07116184
1602,1601,159885,159885,0.023851646
1603,1602,159898,159898,0
1604,1603,159889,159889,0
1605,1604,159906,159906,0
1606,1605,159905,159905,0
1607,1606,159869,159869,0
1608,1607,159881,159881,0
1609,1608,159885,159885,0
1610,1609,86248,86248,0
1611,1610,146308,146308,0
1612,1611,159889,159889,0.101192595
1613,1612,159895,159895,0.22380989
1614,1613,159889,159889,0.177165536
1615,1614,159871,159871,0.000152861
1616,1615,159910,159910,0.065217583
1617,1616,159912,159912,0.336475064
1618,1617,159884,159884,0.333042995
1619,1618,159910,159910,0.281826365
1620,1619,159901,159901,0.149649478
1621,1620,159864,159864,0.328361638
1622,1621,159885,159885,0.346476798
1623,1622,159908,159908,0.632675898
1624,1623,159887,159887,0.300207205
1625,1624,159908,159908,0.319880394
1626,1625,159909,159909,0.35599735
1627,1626,159878,159878,0.239821855
1628,1627,159885,159885,0.424038787
1629,1628,159884,159884,0.236746304
1630,1629,159887,159887,0.47022369
1631,1630,159903,159903,0.158259083
1632,1631,159908,159908,0.249831938
1633,1632,159895,159895,0.259579564
1634,1633,159893,159893,0.193807344
1635,1634,159884,159884,0.167036927
1636,1635,159875,159875,0.183864366
1637,1636,159886,159886,0.455698914
1638,1637,159908,159908,0.181758258
1639,1638,159906,159906,0.232758491
1640,1639,159883,159883,0.403712704
1641,1640,159904,159904,0.142367948
1642,1641,159882,159882,0.213699247
1643,1642,159857,159857,0.243409112
1644,1643,159903,159903,0.252367644
1645,1644,159906,159906,0.131704533
1646,1645,159882,159882,0.055013674
1647,1646,159906,159906,0.026105232
1648,1647,159903,159903,0
1649,1648,159854,159854,0
1650,1649,159881,159881,0
1651,1650,159905,159905,0
1652,1651,159881,159881,0
1653,1652,159905,159905,0
1654,1653,159904,159904,0
1655,1654,159883,159883,0
1656,1655,85306,85306,0
1657,1656,147199,147199,0
1658,1657,159905,159905,0.091756276
1659,1658,159908,159908,0.22955366
1660,1659,159895,159895,0.166639888
1661,1660,159895,159895,0.130258364
1662,1661,159884,159884,0.206039115
1663,1662,159878,159878,0.247910997
1664,1663,159894,159894,0.245552932
1665,1664,159912,159912,0.27582525
1666,1665,159903,159903,0.157435859
1667,1666,159889,159889,0.162673767
1668,1667,159910,159910,0.138547203
1669,1668,159886,159886,0.232259156
1670,1669,159859,159859,0.254543238
1671,1670,159903,159903,0.265579514
1672,1671,159910,159910,0.301752658
1673,1672,159884,159884,0.304597449
1674,1673,159909,159909,0.3317434
1675,1674,159908,159908,0.316981429
1676,1675,159861,159861,0.442081415
1677,1676,159884,159884,0.058343482
1678,1677,159899,159899,0.166359766
1679,1678,159884,159884,0.326756841
1680,1679,159908,159908,0.310978591
1681,1680,159906,159906,0.558850196
1682,1681,159884,159884,0.382801741
1683,1682,159886,159886,0.678157291
1684,1683,159883,159883,0.139824833
1685,1684,159874,159874,0.199779378
1686,1685,159906,159906,0.342193599
1687,1686,159906,159906,0.159212901
1688,1687,159889,159889,0.169004969
1689,1688,159899,159899,0.232839561
1690,1689,159885,159885,0.212037274
1691,1690,159870,159870,0.004686294
1692,1691,159883,159883,0.00798392
1693,1692,159906,159906,0.006999558
1694,1693,159903,159903,0.003762572
1695,1694,159882,159882,0
1696,1695,159905,159905,0
1697,1696,159882,159882,0
1698,1697,159853,159853,0
1699,1698,159899,159899,0
1700,1699,159905,159905,0
1701,1700,159880,159880,0
1702,1701,84399,84399,0
1703,1702,148152,148152,0.005894546
1704,1703,159889,159889,0.101854021
1705,1704,159905,159905,0.220267194
1706,1705,159889,159889,0.254699347
1707,1706,159912,159912,0.227406237
1708,1707,159910,159910,0.712601695
1709,1708,159887,159887,0.223599461
1710,1709,159886,159886,0.498125008
1711,1710,159884,159884,0.275277329
1712,1711,159876,159876,0.255436356
1713,1712,159910,159910,0.253640482
1714,1713,159909,159909,0.141017478
1715,1714,159886,159886,0.204751388
1716,1715,159908,159908,0.178065388
1717,1716,159891,159891,0.13914442
1718,1717,159865,159865,0.156480844
1719,1718,159889,159889,0.098346478
1720,1719,159909,159909,0.131845389
1721,1720,159895,159895,0.057715481
1722,1721,159897,159897,0.381000106
1723,1722,159907,159907,0.056253477
1724,1723,159885,159885,0.11545945
1725,1724,159864,159864,0.326066177
1726,1725,159893,159893,0.282347364
1727,1726,159907,159907,0.406161498
1728,1727,159883,159883,0.504542425
1729,1728,159907,159907,0.436466921
1730,1729,159906,159906,0.085654082
1731,1730,159866,159866,0.17831184
1732,1731,159882,159882,0.331979704
1733,1732,159892,159892,0.198190847
1734,1733,159882,159882,0.231878823
1735,1734,159906,159906,0.107977344
1736,1735,159906,159906,0.151255287
1737,1736,159882,159882,0.011942229
1738,1737,159889,159889,0.179714865
1739,1738,159880,159880,0.173303162
1740,1739,159867,159867,0.13589295
1741,1740,159906,159906,0
1742,1741,159905,159905,0.001495466
1743,1742,159886,159886,0.000464846
1744,1743,159900,159900,0
1745,1744,159886,159886,0
1746,1745,159868,159868,0
1747,1746,159880,159880,0
1748,1747,83489,83489,0
1749,1748,149098,149098,0.076275448
1750,1749,159912,159912,0.225790724
1751,1750,159885,159885,0.214826613
1752,1751,159869,159869,0.265815371
1753,1752,159897,159897,0.180155777
1754,1753,159906,159906,0.219701197
1755,1754,159886,159886,0.259367236
1756,1755,159911,159911,0.329677215
1757,1756,159910,159910,0.248743405
1758,1757,159875,159875,0.242511322
1759,1758,159884,159884,0.253037688
1760,1759,159890,159890,0.195025779
1761,1760,159884,159884,0.222663817
1762,1761,159911,159911,0.158381731
1763,1762,159909,159909,0.837739013
1764,1763,159884,159884,0.024862998
1765,1764,159897,159897,0.009156335
1766,1765,159884,159884,0.110812702
1767,1766,159863,159863,0.372206573
1768,1767,159907,159907,0.731123934
1769,1768,159908,159908,0.256633596
1770,1769,159884,159884,0.344483393
1771,1770,159907,159907,0.314189973
1772,1771,159897,159897,0.23272826
1773,1772,159858,159858,0.201799768
1774,1773,159886,159886,0.794675299
1775,1774,159907,159907,0.41841372
1776,1775,159887,159887,0.248475733
1777,1776,159901,159901,0.132090334
1778,1777,159907,159907,0.215336912
1779,1778,159883,159883,0.209013288
1780,1779,159868,159868,0.078829087
1781,1780,159885,159885,0.010182393
1782,1781,159901,159901,0.053812271
1783,1782,159886,159886,0.042007272
1784,1783,159906,159906,0.225736837
1785,1784,159905,159905,0.23014012
1786,1785,159869,159869,0.141057509
1787,1786,159882,159882,0
1788,1787,159885,159885,0.067563522
1789,1788,159880,159880,0.109867055
1790,1789,159904,159904,0
1791,1790,159904,159904,0.002818232
1792,1791,159880,159880,0
1793,1792,159889,159889,0.00020064
1794,1793,82540,82540,0
1795,1794,150008,150008,0.10732793
1796,1795,159910,159910,0.221648205
1797,1796,159886,159886,0.308231112
1798,1797,159910,159910,0.17928285
1799,1798,159902,159902,0.150309899
1800,1799,159862,159862,0.252199631
1801,1800,159889,159889,0.233632904
1802,1801,159911,159911,0.4091387
1803,1802,159887,159887,0.227621862
1804,1803,159905,159905,0.254602046
1805,1804,159910,159910,0.179580348
1806,1805,159885,159885,0.221366829
1807,1806,159876,159876,0.208123653
1808,1807,159885,159885,0.149571805
1809,1808,159896,159896,0.001914325
1810,1809,159896,159896,0
1811,1810,159908,159908,0
1812,1811,159902,159902,0.61291426
1813,1812,159886,159886,0.415904993
1814,1813,159883,159883,0.328803224
1815,1814,159883,159883,0.215446239
1816,1815,159880,159880,0.30524521
1817,1816,159908,159908,0.336411989
1818,1817,159907,159907,0.567118291
1819,1818,159883,159883,0.255820276
1820,1819,159903,159903,0.646430548
1821,1820,159882,159882,0.333918296
1822,1821,159858,159858,0.239781453
1823,1822,159904,159904,0.158866487
1824,1823,159906,159906,0.217507311
1825,1824,159882,159882,0.219628995
1826,1825,159907,159907,0.180301376
1827,1826,159902,159902,0.020483006
1828,1827,159855,159855,0.007711719
1829,1828,159881,159881,0.131557184
1830,1829,159904,159904,0.242756689
1831,1830,159884,159884,0.252702878
1832,1831,159902,159902,0.386582621
1833,1832,159905,159905,0.031718818
1834,1833,159884,159884,0
1835,1834,159871,159871,0.018815235
1836,1835,159882,159882,0.008776301
1837,1836,159897,159897,0.013823439
1838,1837,159888,159888,0.017182407
1839,1838,159905,159905,0.029094448
1840,1839,81614,81614,0.006829933
1841,1840,150948,150948,0
1842,1841,159887,159887,0.069518462
1843,1842,159888,159888,0.257852349
1844,1843,159909,159909,0.20346438
1845,1844,159910,159910,0.215896268
1846,1845,159884,159884,0.20950395
1847,1846,159905,159905,0.223145946
1848,1847,159887,159887,0.248956004
1849,1848,159859,159859,0.167804153
1850,1849,159903,159903,0.174635999
1851,1850,159910,159910,0.03953904
1852,1851,159884,159884,0.279365255
1853,1852,159910,159910,0.307025833
1854,1853,159908,159908,0.053534152
1855,1854,159860,159860,0
1856,1855,159884,159884,0.005206311
1857,1856,159900,159900,0.041774321
1858,1857,159884,159884,0.178582373
1859,1858,159908,159908,0.310461635
1860,1859,159907,159907,0.28852106
1861,1860,159884,159884,0.225726746
1862,1861,159885,159885,0.26404399
1863,1862,159883,159883,0.337420512
1864,1863,159878,159878,0.237188172
1865,1864,159902,159902,0.334233828
1866,1865,159907,159907,0.503973944
1867,1866,159894,159894,0.94535577
1868,1867,159894,159894,0.206069073
1869,1868,159884,159884,0.130301822
1870,1869,159876,159876,0.261409798
1871,1870,159879,159879,0.294980964
1872,1871,159905,159905,0.228123097
1873,1872,159906,159906,0.302700066
1874,1873,159880,159880,0.006422776
1875,1874,159906,159906,0.112081545
1876,1875,159882,159882,0.217687831
1877,1876,159854,159854,0.236560317
1878,1877,159900,159900,0.232543165
1879,1878,159905,159905,0.061960004
1880,1879,159879,159879,0
1881,1880,159905,159905,0.185947216
1882,1881,159902,159902,0.363822933
1883,1882,159854,159854,0.188025701
1884,1883,159879,159879,0.021242975
1885,1884,159903,159903,0
1886,1885,80704,80704,0
1887,1886,151892,151892,0
1888,1887,159887,159887,0.06393539
1889,1888,159885,159885,0.271938522
1890,1889,159885,159885,0.198829869
1891,1890,159886,159886,0.213383233
1892,1891,159904,159904,0.190726564
1893,1892,159910,159910,0.240933162
1894,1893,159899,159899,0.242703521
1895,1894,159898,159898,0.201410739
1896,1895,159890,159890,0.292956782
1897,1896,159878,159878,0.92255873
1898,1897,159884,159884,0.250641399
1899,1898,159908,159908,0.320013611
1900,1899,159904,159904,0.302297527
1901,1900,159888,159888,0.063601427
1902,1901,159908,159908,0.210234207
1903,1902,159892,159892,0.276027919
1904,1903,159859,159859,0.395300011
1905,1904,159893,159893,0.502187937
1906,1905,159908,159908,0.596452813
1907,1906,159882,159882,0.233550297
1908,1907,159907,159907,0.274696416
1909,1908,159907,159907,0.271180089
1910,1909,159868,159868,0.258454474
1911,1910,159881,159881,0.571617807
1912,1911,159892,159892,0.662733258
1913,1912,159882,159882,0.647577521
1914,1913,159906,159906,0.331237643
1915,1914,159906,159906,0.048443016
1916,1915,159881,159881,0.408383592
1917,1916,159889,159889,0.190397331
1918,1917,159882,159882,0.18902365
1919,1918,159867,159867,0.19119586
1920,1919,159906,159906,0.106909652
1921,1920,159905,159905,0.116340266
1922,1921,159887,159887,0.197149398
1923,1922,159899,159899,0.207683679
1924,1923,159885,159885,0.221461102
1925,1924,159869,159869,0.051963615
1926,1925,159880,159880,0
1927,1926,159904,159904,0.163081276
1928,1927,159901,159901,0.340110023
1929,1928,159882,159882,0.255434435
1930,1929,159904,159904,0.029279229
1931,1930,159881,159881,0
1932,1931,79742,79742,0
1933,1932,152802,152802,0
1934,1933,159887,159887,0.503422221
1935,1934,159911,159911,2.245741272
1936,1935,159908,159908,0.219360458
1937,1936,159871,159871,0.213901727
1938,1937,159884,159884,0.204587364
1939,1938,159892,159892,0.186707204
1940,1939,159885,159885,0.203973115
1941,1940,159910,159910,0.180987691
1942,1941,159909,159909,0.182393698
1943,1942,159884,159884,0.250439748
1944,1943,159899,159899,0.191597959
1945,1944,159884,159884,0.129254331
1946,1945,159863,159863,0.025149604
1947,1946,159908,159908,0.01390672
1948,1947,159908,159908,0.23640986
1949,1948,159884,159884,0.281639246
1950,1949,159906,159906,0.346229628
1951,1950,159898,159898,0.307321554
1952,1951,159864,159864,0.212203282
1953,1952,159880,159880,0.219979172
1954,1953,159908,159908,0.201462099
1955,1954,159894,159894,0.232657318
1956,1955,159894,159894,0.250733775
1957,1956,159907,159907,0.182851953
1958,1957,159890,159890,1.395293234
1959,1958,159863,159863,0.125813554
1960,1959,159887,159887,0.532346246
1961,1960,159906,159906,0.124744833
1962,1961,159882,159882,0.150692072
1963,1962,159905,159905,0.153430566
1964,1963,159906,159906,0.135434367
1965,1964,159870,159870,0.067725552
1966,1965,159881,159881,0.017526925
1967,1966,159886,159886,0.297697317
1968,1967,159880,159880,0.145553817
1969,1968,159905,159905,0.203732272
1970,1969,159906,159906,0.166637225
1971,1970,159879,159879,0
1972,1971,159890,159890,0
1973,1972,159880,159880,0
1974,1973,159863,159863,5.58E-05
1975,1974,159904,159904,0
1976,1975,159904,159904,0
1977,1976,159884,159884,0
1978,1977,78827,78827,0
1979,1978,153724,153724,0
1980,1979,159879,159879,0.237381882
1981,1980,159908,159908,0.637054204
1982,1981,159903,159903,0.215653966
1983,1982,159896,159896,0.201101759
1984,1983,159908,159908,0.423233926
1985,1984,159898,159898,0.197942112
1986,1985,159865,159865,0.266200322
1987,1986,159884,159884,0.238588716
1988,1987,159906,159906,0.252650568
1989,1988,159885,159885,0.266745089
1990,1989,159908,159908,0.252381388
1991,1990,159910,159910,0.041179839
1992,1991,159880,159880,0
1993,1992,159883,159883,0
1994,1993,159883,159883,0.174935514
1995,1994,159880,159880,0.25341172
1996,1995,159907,159907,0.226935009
1997,1996,159908,159908,0.231310521
1998,1997,159884,159884,0.204415944
1999,1998,159904,159904,0.204929231
2000,1999,159881,159881,0.189037381
2001,2000,159858,159858,0.226083124
2002,2001,159903,159903,0.250981401
2003,2002,159907,159907,0.852636094
2004,2003,159881,159881,0.989055368
2005,2004,159908,159908,0.097081083
2006,2005,159900,159900,0.259212456
2007,2006,159856,159856,0.154642486
2008,2007,159881,159881,0.160084055
2009,2008,159905,159905,0.12042787
2010,2009,159886,159886,0.120636948
2011,2010,159900,159900,0.095407918
2012,2011,159905,159905,0.082800268
2013,2012,159885,159885,0.003403935
2014,2013,159867,159867,0.062350867
2015,2014,159882,159882,0.313139028
2016,2015,159899,159899,0.141142408
2017,2016,159885,159885,0.00247423
2018,2017,159904,159904,0.000836629
2019,2018,159904,159904,0
2020,2019,159870,159870,0.000418404
2021,2020,159879,159879,0
2022,2021,159884,159884,0
2023,2022,159878,159878,0
2024,2023,77922,77922,0
2025,2024,154660,154660,0
2026,2025,159907,159907,0
2027,2026,159887,159887,0.02820248
2028,2027,159860,159860,0.576348407
2029,2028,159903,159903,0.273789245
2030,2029,159911,159911,0.222533022
2031,2030,159886,159886,0.229010424
2032,2031,159908,159908,0.233590349
2033,2032,159908,159908,0.250763527
2034,2033,159860,159860,0.323841786
2035,2034,159884,159884,0.200112219
2036,2035,159900,159900,0.10833843
2037,2036,159887,159887,0
2038,2037,159905,159905,0
2039,2038,159908,159908,0
2040,2039,159891,159891,0
2041,2040,159879,159879,0
2042,2041,159883,159883,0.001793371
2043,2042,159886,159886,0
2044,2043,159895,159895,0
2045,2044,159906,159906,0
2046,2045,159900,159900,0
2047,2046,159890,159890,0.112165163
2048,2047,159885,159885,0.000549684
2049,2048,159880,159880,0.078488297
2050,2049,159875,159875,0.591012329
2051,2050,159904,159904,0
2052,2051,159908,159908,0
2053,2052,159880,159880,0.152598368
2054,2053,159906,159906,0
2055,2054,159882,159882,0.002045531
2056,2055,159855,159855,0.127325609
2057,2056,159899,159899,0.044829628
2058,2057,159904,159904,0
2059,2058,159880,159880,0
2060,2059,159906,159906,0.029019748
2061,2060,159903,159903,6.29E-05
2062,2061,159854,159854,0.146029934
2063,2062,159880,159880,0.091449572
2064,2063,159901,159901,0.243252423
2065,2064,159880,159880,0.309509341
2066,2065,159903,159903,0.056400181
2067,2066,159904,159904,0
2068,2067,159883,159883,0
2069,2068,159868,159868,0
2070,2069,76987,76987,0
2071,2070,155589,155589,0
2072,2071,159909,159909,0
2073,2072,159909,159909,0
2074,2073,159887,159887,0.56361162
2075,2074,159890,159890,0.31892897
2076,2075,159886,159886,0.255985587
2077,2076,159872,159872,0.217911114
2078,2077,159908,159908,0.107905957
2079,2078,159908,159908,0.24993288
2080,2079,159884,159884,0.236334925
2081,2080,159908,159908,0.200919281
2082,2081,159892,159892,0.008152461
2083,2082,159859,159859,0
2084,2083,159893,159893,0
2085,2084,159908,159908,0
2086,2085,159884,159884,0
2087,2086,159908,159908,0
2088,2087,159908,159908,0
2089,2088,159867,159867,0
2090,2089,159881,159881,0
2091,2090,159891,159891,0
2092,2091,159884,159884,0
2093,2092,159905,159905,0.186451349
2094,2093,159906,159906,0
2095,2094,159882,159882,0
2096,2095,159889,159889,0
2097,2096,159883,159883,0
2098,2097,159869,159869,0
2099,2098,159903,159903,0
2100,2099,159904,159904,0
2101,2100,159892,159892,0
2102,2101,159895,159895,0
2103,2102,159887,159887,0
2104,2103,159873,159873,0
2105,2104,159875,159875,0
2106,2105,159905,159905,0.022857684
2107,2106,159903,159903,0.029576694
2108,2107,159881,159881,0.040152276
2109,2108,159904,159904,0.118175422
2110,2109,159883,159883,0.079824594
2111,2110,159853,159853,0.279770077
2112,2111,159896,159896,0.052061986
2113,2112,159904,159904,0
2114,2113,159878,159878,0
2115,2114,159904,159904,0
2116,2115,76046,76046,0
2117,2116,156524,156524,0
2118,2117,159894,159894,0
2119,2118,159884,159884,0.038457941
2120,2119,159910,159910,0.312690535
2121,2120,159910,159910,0
2122,2121,159886,159886,0.017817229
2123,2122,159895,159895,0.048555209
2124,2123,159886,159886,0
2125,2124,159869,159869,0.024849652
2126,2125,159903,159903,0.080377855
2127,2126,159908,159908,0.009498556
2128,2127,159895,159895,0
2129,2128,159896,159896,0
2130,2129,159899,159899,0
2131,2130,159874,159874,0
2132,2131,159871,159871,0
2133,2132,159908,159908,0
2134,2133,159903,159903,0
2135,2134,159888,159888,0
2136,2135,159906,159906,0
2137,2136,159897,159897,0
2138,2137,159858,159858,0.000285693
2139,2138,159884,159884,0
2140,2139,159907,159907,0
2141,2140,159880,159880,0
2142,2141,159908,159908,0
2143,2142,159904,159904,0
2144,2143,159872,159872,0
2145,2144,159880,159880,0
2146,2145,159885,159885,0
2147,2146,159880,159880,0
2148,2147,159905,159905,0
2149,2148,159904,159904,0
2150,2149,159881,159881,0
2151,2150,159892,159892,0
2152,2151,159879,159879,0.033314297
2153,2152,159862,159862,0.016299752
2154,2153,159905,159905,0.003008241
2155,2154,159904,159904,0.016571166
2156,2155,159885,159885,0.02836942
2157,2156,159898,159898,0.095616571
2158,2157,159887,159887,0.033937054
2159,2158,159865,159865,0
2160,2159,159878,159878,0
2161,2160,159904,159904,0
2162,2161,75136,75136,0
2163,2162,157477,157477,0
2164,2163,159902,159902,0
2165,2164,159863,159863,0.007117017
2166,2165,159885,159885,0.039001744
2167,2166,159907,159907,0
2168,2167,159885,159885,0
2169,2168,159908,159908,0
2170,2169,159909,159909,0
2171,2170,159883,159883,0
2172,2171,159884,159884,0
2173,2172,159884,159884,0
2174,2173,159879,159879,0
2175,2174,159908,159908,0
2176,2175,159906,159906,0
2177,2176,159884,159884,0
2178,2177,159906,159906,0
2179,2178,159884,159884,0
2180,2179,159859,159859,0
2181,2180,159901,159901,0
2182,2181,159908,159908,0
2183,2182,159884,159884,0
2184,2183,159904,159904,0
2185,2184,159904,159904,0.078481209
2186,2185,159862,159862,0
2187,2186,159877,159877,0
2188,2187,159900,159900,0
2189,2188,159893,159893,0
2190,2189,159894,159894,0
2191,2190,159906,159906,0
2192,2191,159893,159893,0
2193,2192,159863,159863,0
2194,2193,159880,159880,0
2195,2194,159903,159903,0
2196,2195,159881,159881,0
2197,2196,159905,159905,0
2198,2197,159904,159904,0.030571229
2199,2198,159871,159871,0
2200,2199,159880,159880,0.003223863
2201,2200,159882,159882,0
2202,2201,159878,159878,0.015616439
2203,2202,159904,159904,0
2204,2203,159904,159904,0
2205,2204,159879,159879,0
2206,2205,159890,159890,0
2207,2206,159879,159879,0
2208,2207,74208,74208,0
2209,2208,158390,158390,0
2210,2209,159893,159893,0
2211,2210,159902,159902,0
2212,2211,159908,159908,0
2213,2212,159873,159873,0
2214,2213,159875,159875,0
2215,2214,159899,159899,0
2216,2215,159898,159898,0
2217,2216,159895,159895,0
2218,2217,159908,159908,0
2219,2218,159901,159901,0
2220,2219,159871,159871,0
2221,2220,159884,159884,0
2222,2221,159891,159891,0
2223,2222,159884,159884,0
2224,2223,159906,159906,0
2225,2224,159906,159906,0
2226,2225,159881,159881,0
2227,2226,159884,159884,0
2228,2227,159883,159883,0
2229,2228,159871,159871,0
2230,2229,159907,159907,0
2231,2230,159908,159908,0.022662576
2232,2231,159879,159879,0
2233,2232,159905,159905,0
2234,2233,159886,159886,0
2235,2234,159855,159855,0
2236,2235,159896,159896,0
2237,2236,159905,159905,0
2238,2237,159880,159880,0
2239,2238,159906,159906,0
2240,2239,159904,159904,0
2241,2240,159854,159854,0
2242,2241,159880,159880,0
2243,2242,159898,159898,0
2244,2243,159883,159883,0.029755003
2245,2244,159901,159901,0
2246,2245,159904,159904,0
2247,2246,159885,159885,0.004552304
2248,2247,159868,159868,0.015330698
2249,2248,159879,159879,0
2250,2249,159895,159895,0
2251,2250,159885,159885,0
2252,2251,159904,159904,0
2253,2252,159901,159901,0
2254,2253,73252,73252,0
2255,2254,159317,159317,0
2256,2255,159870,159870,0
2257,2256,159909,159909,0
2258,2257,159910,159910,0
2259,2258,159884,159884,0
2260,2259,159909,159909,0
2261,2260,159894,159894,0
2262,2261,159859,159859,0
2263,2262,159891,159891,0
2264,2263,159908,159908,0
2265,2264,159884,159884,0
2266,2265,159908,159908,0
2267,2266,159907,159907,0
2268,2267,159869,159869,0
2269,2268,159881,159881,0
2270,2269,159890,159890,0
2271,2270,159885,159885,0
2272,2271,159906,159906,0
2273,2272,159907,159907,0
2274,2273,159888,159888,0
2275,2274,159884,159884,0
2276,2275,159882,159882,0
2277,2276,159873,159873,0
2278,2277,159897,159897,0
2279,2278,159906,159906,0
2280,2279,159897,159897,0
2281,2280,159889,159889,0
2282,2281,159891,159891,0
2283,2282,159877,159877,0
2284,2283,159868,159868,0
2285,2284,159904,159904,0
2286,2285,159905,159905,0
2287,2286,159880,159880,0
2288,2287,159906,159906,0
2289,2288,159885,159885,0
2290,2289,159854,159854,0.016348023
2291,2290,159893,159893,0.00891352
2292,2291,159904,159904,0
2293,2292,159879,159879,0.012710242
2294,2293,159904,159904,0
2295,2294,159904,159904,0
2296,2295,159853,159853,0
2297,2296,159879,159879,0
2298,2297,159897,159897,0
2299,2298,159879,159879,0
2300,2299,72351,72351,0
2301,2300,19286,19286,0
2302,2301,20231,20231,0
2303,2302,21144,21144,0
2304,2303,22058,22058,0
2305,2304,23030,23030,0
2306,2305,23960,23960,0
2307,2306,24874,24874,0
2308,2307,25821,25821,0
2309,2308,26748,26748,0
2310,2309,27644,27644,0
2311,2310,28587,28587,0
2312,2311,29529,29529,0
2313,2312,30459,30459,0
2314,2313,31400,31400,0
2315,2314,32340,32340,0
2316,2315,33246,33246,0
2317,2316,34163,34163,0
2318,2317,35107,35107,0
2319,2318,36020,36020,0
2320,2319,36962,36962,0
2321,2320,37922,37922,0
2322,2321,38834,38834,0
2323,2322,39752,39752,0
2324,2323,40688,40688,0
2325,2324,41599,41599,0
2326,2325,42520,42520,0
2327,2326,43479,43479,0
2328,2327,44409,44409,0
2329,2328,45328,45328,0
2330,2329,46281,46281,0
2331,2330,47177,47177,0
2332,2331,48089,48089,0
2333,2332,49052,49052,0
2334,2333,49966,49966,0
2335,2334,50885,50885,0
2336,2335,51858,51858,0
2337,2336,52764,52764,0
2338,2337,53663,53663,0
2339,2338,54614,54614,0
2340,2339,55539,55539,0
2341,2340,56451,56451,0
2342,2341,57395,57395,0
2343,2342,58347,58347,0
2344,2343,59241,59241,0
2345,2344,60172,60172,0
2346,2345,27288,27288,0
